date,m3sigma,m2sigma,m1sigma,est,p1sigma,p2sigma,p3sigma
2016-09-18 12:00,NaN,NaN,NaN,NaN,NaN,NaN,NaN
2016-09-18 12:15,NaN,NaN,NaN,NaN,NaN,NaN,NaN
2016-09-18 12:30,NaN,NaN,NaN,NaN,NaN,NaN,NaN
2016-09-18 12:45,NaN,NaN,NaN,NaN,NaN,NaN,NaN
2016-09-18 13:00,NaN,NaN,NaN,NaN,NaN,NaN,NaN
2016-09-18 13:15,NaN,NaN,NaN,NaN,NaN,NaN,NaN
2016-09-18 13:30,NaN,NaN,NaN,NaN,NaN,NaN,NaN
2016-09-18 13:45,NaN,NaN,NaN,NaN,NaN,NaN,NaN
2016-09-18 14:00,NaN,NaN,NaN,NaN,NaN,NaN,NaN
2016-09-18 14:15,NaN,NaN,NaN,NaN,NaN,NaN,NaN
2016-09-18 14:30,NaN,NaN,NaN,NaN,NaN,NaN,NaN
2016-09-18 14:45,NaN,NaN,NaN,NaN,NaN,NaN,NaN
2016-09-18 15:00,NaN,NaN,NaN,NaN,NaN,NaN,NaN
2016-09-18 15:15,NaN,NaN,NaN,NaN,NaN,NaN,NaN
2016-09-18 15:30,NaN,NaN,NaN,NaN,NaN,NaN,NaN
2016-09-18 15:45,NaN,NaN,NaN,NaN,NaN,NaN,NaN
2016-09-18 16:00,NaN,NaN,NaN,NaN,NaN,NaN,NaN
2016-09-18 16:15,NaN,NaN,NaN,NaN,NaN,NaN,NaN
2016-09-18 16:30,NaN,NaN,NaN,NaN,NaN,NaN,NaN
2016-09-18 16:45,NaN,NaN,NaN,NaN,NaN,NaN,NaN
2016-09-18 17:00,NaN,NaN,NaN,NaN,NaN,NaN,NaN
2016-09-18 17:15,NaN,NaN,NaN,NaN,NaN,NaN,NaN
2016-09-18 17:30,NaN,NaN,NaN,NaN,NaN,NaN,NaN
2016-09-18 17:45,NaN,NaN,NaN,NaN,NaN,NaN,NaN
2016-09-18 18:00,NaN,NaN,NaN,NaN,NaN,NaN,NaN
2016-09-18 18:15,NaN,NaN,NaN,NaN,NaN,NaN,NaN
2016-09-18 18:30,NaN,NaN,NaN,NaN,NaN,NaN,NaN
2016-09-18 18:45,NaN,NaN,NaN,NaN,NaN,NaN,NaN
2016-09-18 19:00,NaN,NaN,NaN,NaN,NaN,NaN,NaN
2016-09-18 19:15,NaN,NaN,NaN,NaN,NaN,NaN,NaN
2016-09-18 19:30,NaN,NaN,NaN,NaN,NaN,NaN,NaN
2016-09-18 19:45,NaN,NaN,NaN,NaN,NaN,NaN,NaN
2016-09-18 20:00,NaN,NaN,NaN,NaN,NaN,NaN,NaN
2016-09-18 20:15,NaN,NaN,NaN,NaN,NaN,NaN,NaN
2016-09-18 20:30,NaN,NaN,NaN,NaN,NaN,NaN,NaN
2016-09-18 20:45,NaN,NaN,NaN,NaN,NaN,NaN,NaN
2016-09-18 21:00,NaN,NaN,NaN,NaN,NaN,NaN,NaN
2016-09-18 21:15,NaN,NaN,NaN,NaN,NaN,NaN,NaN
2016-09-18 21:30,NaN,NaN,NaN,NaN,NaN,NaN,NaN
2016-09-18 21:45,NaN,NaN,NaN,NaN,NaN,NaN,NaN
2016-09-18 22:00,NaN,NaN,NaN,NaN,NaN,NaN,NaN
2016-09-18 22:15,NaN,NaN,NaN,NaN,NaN,NaN,NaN
2016-09-18 22:30,NaN,NaN,NaN,NaN,NaN,NaN,NaN
2016-09-18 22:45,NaN,NaN,NaN,NaN,NaN,NaN,NaN
2016-09-18 23:00,NaN,NaN,NaN,NaN,NaN,NaN,NaN
2016-09-18 23:15,NaN,NaN,NaN,NaN,NaN,NaN,NaN
2016-09-18 23:30,NaN,NaN,NaN,NaN,NaN,NaN,NaN
2016-09-18 23:45,NaN,NaN,NaN,NaN,NaN,NaN,NaN
2016-09-19 00:00,NaN,NaN,NaN,NaN,NaN,NaN,NaN
2016-09-19 00:15,NaN,NaN,NaN,NaN,NaN,NaN,NaN
2016-09-19 00:30,NaN,NaN,NaN,NaN,NaN,NaN,NaN
2016-09-19 00:45,NaN,NaN,NaN,NaN,NaN,NaN,NaN
2016-09-19 01:00,NaN,NaN,NaN,NaN,NaN,NaN,NaN
2016-09-19 01:15,NaN,NaN,NaN,NaN,NaN,NaN,NaN
2016-09-19 01:30,NaN,NaN,NaN,NaN,NaN,NaN,NaN
2016-09-19 01:45,NaN,NaN,NaN,NaN,NaN,NaN,NaN
2016-09-19 02:00,NaN,NaN,NaN,NaN,NaN,NaN,NaN
2016-09-19 02:15,NaN,NaN,NaN,NaN,NaN,NaN,NaN
2016-09-19 02:30,NaN,NaN,NaN,NaN,NaN,NaN,NaN
2016-09-19 02:45,NaN,NaN,NaN,NaN,NaN,NaN,NaN
2016-09-19 03:00,NaN,NaN,NaN,NaN,NaN,NaN,NaN
2016-09-19 03:15,NaN,NaN,NaN,NaN,NaN,NaN,NaN
2016-09-19 03:30,NaN,NaN,NaN,NaN,NaN,NaN,NaN
2016-09-19 03:45,NaN,NaN,NaN,NaN,NaN,NaN,NaN
2016-09-19 04:00,NaN,NaN,NaN,NaN,NaN,NaN,NaN
2016-09-19 04:15,NaN,NaN,NaN,NaN,NaN,NaN,NaN
2016-09-19 04:30,NaN,NaN,NaN,NaN,NaN,NaN,NaN
2016-09-19 04:45,NaN,NaN,NaN,NaN,NaN,NaN,NaN
2016-09-19 05:00,NaN,NaN,NaN,NaN,NaN,NaN,NaN
2016-09-19 05:15,NaN,NaN,NaN,NaN,NaN,NaN,NaN
2016-09-19 05:30,NaN,NaN,NaN,NaN,NaN,NaN,NaN
2016-09-19 05:45,NaN,NaN,NaN,NaN,NaN,NaN,NaN
2016-09-19 06:00,NaN,NaN,NaN,NaN,NaN,NaN,NaN
2016-09-19 06:15,NaN,NaN,NaN,NaN,NaN,NaN,NaN
2016-09-19 06:30,NaN,NaN,NaN,NaN,NaN,NaN,NaN
2016-09-19 06:45,NaN,NaN,NaN,NaN,NaN,NaN,NaN
2016-09-19 07:00,NaN,NaN,NaN,NaN,NaN,NaN,NaN
2016-09-19 07:15,NaN,NaN,NaN,NaN,NaN,NaN,NaN
2016-09-19 07:30,NaN,NaN,NaN,NaN,NaN,NaN,NaN
2016-09-19 07:45,NaN,NaN,NaN,NaN,NaN,NaN,NaN
2016-09-19 08:00,NaN,NaN,NaN,NaN,NaN,NaN,NaN
2016-09-19 08:15,NaN,NaN,NaN,NaN,NaN,NaN,NaN
2016-09-19 08:30,NaN,NaN,NaN,NaN,NaN,NaN,NaN
2016-09-19 08:45,NaN,NaN,NaN,NaN,NaN,NaN,NaN
2016-09-19 09:00,NaN,NaN,NaN,NaN,NaN,NaN,NaN
2016-09-19 09:15,NaN,NaN,NaN,NaN,NaN,NaN,NaN
2016-09-19 09:30,NaN,NaN,NaN,NaN,NaN,NaN,NaN
2016-09-19 09:45,NaN,NaN,NaN,NaN,NaN,NaN,NaN
2016-09-19 10:00,NaN,NaN,NaN,NaN,NaN,NaN,NaN
2016-09-19 10:15,NaN,NaN,NaN,NaN,NaN,NaN,NaN
2016-09-19 10:30,NaN,NaN,NaN,NaN,NaN,NaN,NaN
2016-09-19 10:45,NaN,NaN,NaN,NaN,NaN,NaN,NaN
2016-09-19 11:00,NaN,NaN,NaN,NaN,NaN,NaN,NaN
2016-09-19 11:15,NaN,NaN,NaN,NaN,NaN,NaN,NaN
2016-09-19 11:30,NaN,NaN,NaN,NaN,NaN,NaN,NaN
2016-09-19 11:45,NaN,NaN,NaN,NaN,NaN,NaN,NaN
2016-09-19 12:00,NaN,NaN,NaN,NaN,NaN,NaN,NaN
2016-09-19 12:15,NaN,NaN,NaN,NaN,NaN,NaN,NaN
2016-09-19 12:30,NaN,NaN,NaN,NaN,NaN,NaN,NaN
2016-09-19 12:45,NaN,NaN,NaN,NaN,NaN,NaN,NaN
2016-09-19 13:00,NaN,NaN,NaN,NaN,NaN,NaN,NaN
2016-09-19 13:15,NaN,NaN,NaN,NaN,NaN,NaN,NaN
2016-09-19 13:30,NaN,NaN,NaN,NaN,NaN,NaN,NaN
2016-09-19 13:45,NaN,NaN,NaN,NaN,NaN,NaN,NaN
2016-09-19 14:00,NaN,NaN,NaN,NaN,NaN,NaN,NaN
2016-09-19 14:15,NaN,NaN,NaN,NaN,NaN,NaN,NaN
2016-09-19 14:30,NaN,NaN,NaN,NaN,NaN,NaN,NaN
2016-09-19 14:45,NaN,NaN,NaN,NaN,NaN,NaN,NaN
2016-09-19 15:00,NaN,NaN,NaN,NaN,NaN,NaN,NaN
2016-09-19 15:15,NaN,NaN,NaN,NaN,NaN,NaN,NaN
2016-09-19 15:30,NaN,NaN,NaN,NaN,NaN,NaN,NaN
2016-09-19 15:45,NaN,NaN,NaN,NaN,NaN,NaN,NaN
2016-09-19 16:00,NaN,NaN,NaN,NaN,NaN,NaN,NaN
2016-09-19 16:15,NaN,NaN,NaN,NaN,NaN,NaN,NaN
2016-09-19 16:30,NaN,NaN,NaN,NaN,NaN,NaN,NaN
2016-09-19 16:45,NaN,NaN,NaN,NaN,NaN,NaN,NaN
2016-09-19 17:00,NaN,NaN,NaN,NaN,NaN,NaN,NaN
2016-09-19 17:15,NaN,NaN,NaN,NaN,NaN,NaN,NaN
2016-09-19 17:30,NaN,NaN,NaN,NaN,NaN,NaN,NaN
2016-09-19 17:45,NaN,NaN,NaN,NaN,NaN,NaN,NaN
2016-09-19 18:00,NaN,NaN,NaN,NaN,NaN,NaN,NaN
2016-09-19 18:15,NaN,NaN,NaN,NaN,NaN,NaN,NaN
2016-09-19 18:30,NaN,NaN,NaN,NaN,NaN,NaN,NaN
2016-09-19 18:45,NaN,NaN,NaN,NaN,NaN,NaN,NaN
2016-09-19 19:00,NaN,NaN,NaN,NaN,NaN,NaN,NaN
2016-09-19 19:15,NaN,NaN,NaN,NaN,NaN,NaN,NaN
2016-09-19 19:30,NaN,NaN,NaN,NaN,NaN,NaN,NaN
2016-09-19 19:45,NaN,NaN,NaN,NaN,NaN,NaN,NaN
2016-09-19 20:00,NaN,NaN,NaN,NaN,NaN,NaN,NaN
2016-09-19 20:15,NaN,NaN,NaN,NaN,NaN,NaN,NaN
2016-09-19 20:30,NaN,NaN,NaN,NaN,NaN,NaN,NaN
2016-09-19 20:45,NaN,NaN,NaN,NaN,NaN,NaN,NaN
2016-09-19 21:00,NaN,NaN,NaN,NaN,NaN,NaN,NaN
2016-09-19 21:15,NaN,NaN,NaN,NaN,NaN,NaN,NaN
2016-09-19 21:30,NaN,NaN,NaN,NaN,NaN,NaN,NaN
2016-09-19 21:45,NaN,NaN,NaN,NaN,NaN,NaN,NaN
2016-09-19 22:00,NaN,NaN,NaN,NaN,NaN,NaN,NaN
2016-09-19 22:15,NaN,NaN,NaN,NaN,NaN,NaN,NaN
2016-09-19 22:30,NaN,NaN,NaN,NaN,NaN,NaN,NaN
2016-09-19 22:45,NaN,NaN,NaN,NaN,NaN,NaN,NaN
2016-09-19 23:00,NaN,NaN,NaN,NaN,NaN,NaN,NaN
2016-09-19 23:15,NaN,NaN,NaN,NaN,NaN,NaN,NaN
2016-09-19 23:30,NaN,NaN,NaN,NaN,NaN,NaN,NaN
2016-09-19 23:45,NaN,NaN,NaN,NaN,NaN,NaN,NaN
2016-09-20 00:00,NaN,NaN,NaN,NaN,NaN,NaN,NaN
2016-09-20 00:15,NaN,NaN,NaN,NaN,NaN,NaN,NaN
2016-09-20 00:30,NaN,NaN,NaN,NaN,NaN,NaN,NaN
2016-09-20 00:45,NaN,NaN,NaN,NaN,NaN,NaN,NaN
2016-09-20 01:00,NaN,NaN,NaN,NaN,NaN,NaN,NaN
2016-09-20 01:15,NaN,NaN,NaN,NaN,NaN,NaN,NaN
2016-09-20 01:30,NaN,NaN,NaN,NaN,NaN,NaN,NaN
2016-09-20 01:45,NaN,NaN,NaN,NaN,NaN,NaN,NaN
2016-09-20 02:00,NaN,NaN,NaN,NaN,NaN,NaN,NaN
2016-09-20 02:15,NaN,NaN,NaN,NaN,NaN,NaN,NaN
2016-09-20 02:30,NaN,NaN,NaN,NaN,NaN,NaN,NaN
2016-09-20 02:45,NaN,NaN,NaN,NaN,NaN,NaN,NaN
2016-09-20 03:00,NaN,NaN,NaN,NaN,NaN,NaN,NaN
2016-09-20 03:15,NaN,NaN,NaN,NaN,NaN,NaN,NaN
2016-09-20 03:30,NaN,NaN,NaN,NaN,NaN,NaN,NaN
2016-09-20 03:45,NaN,NaN,NaN,NaN,NaN,NaN,NaN
2016-09-20 04:00,NaN,NaN,NaN,NaN,NaN,NaN,NaN
2016-09-20 04:15,NaN,NaN,NaN,NaN,NaN,NaN,NaN
2016-09-20 04:30,NaN,NaN,NaN,NaN,NaN,NaN,NaN
2016-09-20 04:45,NaN,NaN,NaN,NaN,NaN,NaN,NaN
2016-09-20 05:00,NaN,NaN,NaN,NaN,NaN,NaN,NaN
2016-09-20 05:15,NaN,NaN,NaN,NaN,NaN,NaN,NaN
2016-09-20 05:30,NaN,NaN,NaN,NaN,NaN,NaN,NaN
2016-09-20 05:45,NaN,NaN,NaN,NaN,NaN,NaN,NaN
2016-09-20 06:00,NaN,NaN,NaN,NaN,NaN,NaN,NaN
2016-09-20 06:15,NaN,NaN,NaN,NaN,NaN,NaN,NaN
2016-09-20 06:30,NaN,NaN,NaN,NaN,NaN,NaN,NaN
2016-09-20 06:45,NaN,NaN,NaN,NaN,NaN,NaN,NaN
2016-09-20 07:00,NaN,NaN,NaN,NaN,NaN,NaN,NaN
2016-09-20 07:15,NaN,NaN,NaN,NaN,NaN,NaN,NaN
2016-09-20 07:30,NaN,NaN,NaN,NaN,NaN,NaN,NaN
2016-09-20 07:45,NaN,NaN,NaN,NaN,NaN,NaN,NaN
2016-09-20 08:00,NaN,NaN,NaN,NaN,NaN,NaN,NaN
2016-09-20 08:15,NaN,NaN,NaN,NaN,NaN,NaN,NaN
2016-09-20 08:30,NaN,NaN,NaN,NaN,NaN,NaN,NaN
2016-09-20 08:45,NaN,NaN,NaN,NaN,NaN,NaN,NaN
2016-09-20 09:00,NaN,NaN,NaN,NaN,NaN,NaN,NaN
2016-09-20 09:15,NaN,NaN,NaN,NaN,NaN,NaN,NaN
2016-09-20 09:30,NaN,NaN,NaN,NaN,NaN,NaN,NaN
2016-09-20 09:45,NaN,NaN,NaN,NaN,NaN,NaN,NaN
2016-09-20 10:00,NaN,NaN,NaN,NaN,NaN,NaN,NaN
2016-09-20 10:15,NaN,NaN,NaN,NaN,NaN,NaN,NaN
2016-09-20 10:30,NaN,NaN,NaN,NaN,NaN,NaN,NaN
2016-09-20 10:45,NaN,NaN,NaN,NaN,NaN,NaN,NaN
2016-09-20 11:00,NaN,NaN,NaN,NaN,NaN,NaN,NaN
2016-09-20 11:15,NaN,NaN,NaN,NaN,NaN,NaN,NaN
2016-09-20 11:30,NaN,NaN,NaN,NaN,NaN,NaN,NaN
2016-09-20 11:45,NaN,NaN,NaN,NaN,NaN,NaN,NaN
2016-09-20 12:00,NaN,NaN,NaN,NaN,NaN,NaN,NaN
2016-09-20 12:15,NaN,NaN,NaN,NaN,NaN,NaN,NaN
2016-09-20 12:30,NaN,NaN,NaN,NaN,NaN,NaN,NaN
2016-09-20 12:45,NaN,NaN,NaN,NaN,NaN,NaN,NaN
2016-09-20 13:00,NaN,NaN,NaN,NaN,NaN,NaN,NaN
2016-09-20 13:15,NaN,NaN,NaN,NaN,NaN,NaN,NaN
2016-09-20 13:30,NaN,NaN,NaN,NaN,NaN,NaN,NaN
2016-09-20 13:45,NaN,NaN,NaN,NaN,NaN,NaN,NaN
2016-09-20 14:00,NaN,NaN,NaN,NaN,NaN,NaN,NaN
2016-09-20 14:15,NaN,NaN,NaN,NaN,NaN,NaN,NaN
2016-09-20 14:30,NaN,NaN,NaN,NaN,NaN,NaN,NaN
2016-09-20 14:45,NaN,NaN,NaN,NaN,NaN,NaN,NaN
2016-09-20 15:00,NaN,NaN,NaN,NaN,NaN,NaN,NaN
2016-09-20 15:15,NaN,NaN,NaN,NaN,NaN,NaN,NaN
2016-09-20 15:30,NaN,NaN,NaN,NaN,NaN,NaN,NaN
2016-09-20 15:45,NaN,NaN,NaN,NaN,NaN,NaN,NaN
2016-09-20 16:00,NaN,NaN,NaN,NaN,NaN,NaN,NaN
2016-09-20 16:15,NaN,NaN,NaN,NaN,NaN,NaN,NaN
2016-09-20 16:30,NaN,NaN,NaN,NaN,NaN,NaN,NaN
2016-09-20 16:45,NaN,NaN,NaN,NaN,NaN,NaN,NaN
2016-09-20 17:00,NaN,NaN,NaN,NaN,NaN,NaN,NaN
2016-09-20 17:15,NaN,NaN,NaN,NaN,NaN,NaN,NaN
2016-09-20 17:30,NaN,NaN,NaN,NaN,NaN,NaN,NaN
2016-09-20 17:45,NaN,NaN,NaN,NaN,NaN,NaN,NaN
2016-09-20 18:00,NaN,NaN,NaN,NaN,NaN,NaN,NaN
2016-09-20 18:15,NaN,NaN,NaN,NaN,NaN,NaN,NaN
2016-09-20 18:30,NaN,NaN,NaN,NaN,NaN,NaN,NaN
2016-09-20 18:45,NaN,NaN,NaN,NaN,NaN,NaN,NaN
2016-09-20 19:00,NaN,NaN,NaN,NaN,NaN,NaN,NaN
2016-09-20 19:15,NaN,NaN,NaN,NaN,NaN,NaN,NaN
2016-09-20 19:30,NaN,NaN,NaN,NaN,NaN,NaN,NaN
2016-09-20 19:45,NaN,NaN,NaN,NaN,NaN,NaN,NaN
2016-09-20 20:00,NaN,NaN,NaN,NaN,NaN,NaN,NaN
2016-09-20 20:15,NaN,NaN,NaN,NaN,NaN,NaN,NaN
2016-09-20 20:30,NaN,NaN,NaN,NaN,NaN,NaN,NaN
2016-09-20 20:45,NaN,NaN,NaN,NaN,NaN,NaN,NaN
2016-09-20 21:00,NaN,NaN,NaN,NaN,NaN,NaN,NaN
2016-09-20 21:15,NaN,NaN,NaN,NaN,NaN,NaN,NaN
2016-09-20 21:30,NaN,NaN,NaN,NaN,NaN,NaN,NaN
2016-09-20 21:45,NaN,NaN,NaN,NaN,NaN,NaN,NaN
2016-09-20 22:00,NaN,NaN,NaN,NaN,NaN,NaN,NaN
2016-09-20 22:15,NaN,NaN,NaN,NaN,NaN,NaN,NaN
2016-09-20 22:30,NaN,NaN,NaN,NaN,NaN,NaN,NaN
2016-09-20 22:45,NaN,NaN,NaN,NaN,NaN,NaN,NaN
2016-09-20 23:00,NaN,NaN,NaN,NaN,NaN,NaN,NaN
2016-09-20 23:15,NaN,NaN,NaN,NaN,NaN,NaN,NaN
2016-09-20 23:30,NaN,NaN,NaN,NaN,NaN,NaN,NaN
2016-09-20 23:45,NaN,NaN,NaN,NaN,NaN,NaN,NaN
2016-09-21 00:00,NaN,NaN,NaN,NaN,NaN,NaN,NaN
2016-09-21 00:15,NaN,NaN,NaN,NaN,NaN,NaN,NaN
2016-09-21 00:30,NaN,NaN,NaN,NaN,NaN,NaN,NaN
2016-09-21 00:45,NaN,NaN,NaN,NaN,NaN,NaN,NaN
2016-09-21 01:00,NaN,NaN,NaN,NaN,NaN,NaN,NaN
2016-09-21 01:15,NaN,NaN,NaN,NaN,NaN,NaN,NaN
2016-09-21 01:30,NaN,NaN,NaN,NaN,NaN,NaN,NaN
2016-09-21 01:45,NaN,NaN,NaN,NaN,NaN,NaN,NaN
2016-09-21 02:00,NaN,NaN,NaN,NaN,NaN,NaN,NaN
2016-09-21 02:15,NaN,NaN,NaN,NaN,NaN,NaN,NaN
2016-09-21 02:30,NaN,NaN,NaN,NaN,NaN,NaN,NaN
2016-09-21 02:45,NaN,NaN,NaN,NaN,NaN,NaN,NaN
2016-09-21 03:00,NaN,NaN,NaN,NaN,NaN,NaN,NaN
2016-09-21 03:15,NaN,NaN,NaN,NaN,NaN,NaN,NaN
2016-09-21 03:30,NaN,NaN,NaN,NaN,NaN,NaN,NaN
2016-09-21 03:45,NaN,NaN,NaN,NaN,NaN,NaN,NaN
2016-09-21 04:00,NaN,NaN,NaN,NaN,NaN,NaN,NaN
2016-09-21 04:15,NaN,NaN,NaN,NaN,NaN,NaN,NaN
2016-09-21 04:30,NaN,NaN,NaN,NaN,NaN,NaN,NaN
2016-09-21 04:45,NaN,NaN,NaN,NaN,NaN,NaN,NaN
2016-09-21 05:00,NaN,NaN,NaN,NaN,NaN,NaN,NaN
2016-09-21 05:15,NaN,NaN,NaN,NaN,NaN,NaN,NaN
2016-09-21 05:30,NaN,NaN,NaN,NaN,NaN,NaN,NaN
2016-09-21 05:45,NaN,NaN,NaN,NaN,NaN,NaN,NaN
2016-09-21 06:00,NaN,NaN,NaN,NaN,NaN,NaN,NaN
2016-09-21 06:15,NaN,NaN,NaN,NaN,NaN,NaN,NaN
2016-09-21 06:30,NaN,NaN,NaN,NaN,NaN,NaN,NaN
2016-09-21 06:45,NaN,NaN,NaN,NaN,NaN,NaN,NaN
2016-09-21 07:00,NaN,NaN,NaN,NaN,NaN,NaN,NaN
2016-09-21 07:15,NaN,NaN,NaN,NaN,NaN,NaN,NaN
2016-09-21 07:30,NaN,NaN,NaN,NaN,NaN,NaN,NaN
2016-09-21 07:45,NaN,NaN,NaN,NaN,NaN,NaN,NaN
2016-09-21 08:00,NaN,NaN,NaN,NaN,NaN,NaN,NaN
2016-09-21 08:15,NaN,NaN,NaN,NaN,NaN,NaN,NaN
2016-09-21 08:30,NaN,NaN,NaN,NaN,NaN,NaN,NaN
2016-09-21 08:45,NaN,NaN,NaN,NaN,NaN,NaN,NaN
2016-09-21 09:00,NaN,NaN,NaN,NaN,NaN,NaN,NaN
2016-09-21 09:15,NaN,NaN,NaN,NaN,NaN,NaN,NaN
2016-09-21 09:30,NaN,NaN,NaN,NaN,NaN,NaN,NaN
2016-09-21 09:45,NaN,NaN,NaN,NaN,NaN,NaN,NaN
2016-09-21 10:00,NaN,NaN,NaN,NaN,NaN,NaN,NaN
2016-09-21 10:15,NaN,NaN,NaN,NaN,NaN,NaN,NaN
2016-09-21 10:30,NaN,NaN,NaN,NaN,NaN,NaN,NaN
2016-09-21 10:45,NaN,NaN,NaN,NaN,NaN,NaN,NaN
2016-09-21 11:00,NaN,NaN,NaN,NaN,NaN,NaN,NaN
2016-09-21 11:15,NaN,NaN,NaN,NaN,NaN,NaN,NaN
2016-09-21 11:30,NaN,NaN,NaN,NaN,NaN,NaN,NaN
2016-09-21 11:45,NaN,NaN,NaN,NaN,NaN,NaN,NaN
2016-09-21 12:00,NaN,NaN,NaN,NaN,NaN,NaN,NaN
2016-09-21 12:15,NaN,NaN,NaN,NaN,NaN,NaN,NaN
2016-09-21 12:30,NaN,NaN,NaN,NaN,NaN,NaN,NaN
2016-09-21 12:45,NaN,NaN,NaN,NaN,NaN,NaN,NaN
2016-09-21 13:00,NaN,NaN,NaN,NaN,NaN,NaN,NaN
2016-09-21 13:15,NaN,NaN,NaN,NaN,NaN,NaN,NaN
2016-09-21 13:30,NaN,NaN,NaN,NaN,NaN,NaN,NaN
2016-09-21 13:45,NaN,NaN,NaN,NaN,NaN,NaN,NaN
2016-09-21 14:00,NaN,NaN,NaN,NaN,NaN,NaN,NaN
2016-09-21 14:15,NaN,NaN,NaN,NaN,NaN,NaN,NaN
2016-09-21 14:30,NaN,NaN,NaN,NaN,NaN,NaN,NaN
2016-09-21 14:45,NaN,NaN,NaN,NaN,NaN,NaN,NaN
2016-09-21 15:00,NaN,NaN,NaN,NaN,NaN,NaN,NaN
2016-09-21 15:15,NaN,NaN,NaN,NaN,NaN,NaN,NaN
2016-09-21 15:30,NaN,NaN,NaN,NaN,NaN,NaN,NaN
2016-09-21 15:45,NaN,NaN,NaN,NaN,NaN,NaN,NaN
2016-09-21 16:00,NaN,NaN,NaN,NaN,NaN,NaN,NaN
2016-09-21 16:15,NaN,NaN,NaN,NaN,NaN,NaN,NaN
2016-09-21 16:30,NaN,NaN,NaN,NaN,NaN,NaN,NaN
2016-09-21 16:45,NaN,NaN,NaN,NaN,NaN,NaN,NaN
2016-09-21 17:00,NaN,NaN,NaN,NaN,NaN,NaN,NaN
2016-09-21 17:15,NaN,NaN,NaN,NaN,NaN,NaN,NaN
2016-09-21 17:30,NaN,NaN,NaN,NaN,NaN,NaN,NaN
2016-09-21 17:45,NaN,NaN,NaN,NaN,NaN,NaN,NaN
2016-09-21 18:00,NaN,NaN,NaN,NaN,NaN,NaN,NaN
2016-09-21 18:15,NaN,NaN,NaN,NaN,NaN,NaN,NaN
2016-09-21 18:30,NaN,NaN,NaN,NaN,NaN,NaN,NaN
2016-09-21 18:45,NaN,NaN,NaN,NaN,NaN,NaN,NaN
2016-09-21 19:00,NaN,NaN,NaN,NaN,NaN,NaN,NaN
2016-09-21 19:15,NaN,NaN,NaN,NaN,NaN,NaN,NaN
2016-09-21 19:30,NaN,NaN,NaN,NaN,NaN,NaN,NaN
2016-09-21 19:45,NaN,NaN,NaN,NaN,NaN,NaN,NaN
2016-09-21 20:00,NaN,NaN,NaN,NaN,NaN,NaN,NaN
2016-09-21 20:15,NaN,NaN,NaN,NaN,NaN,NaN,NaN
2016-09-21 20:30,NaN,NaN,NaN,NaN,NaN,NaN,NaN
2016-09-21 20:45,NaN,NaN,NaN,NaN,NaN,NaN,NaN
2016-09-21 21:00,NaN,NaN,NaN,NaN,NaN,NaN,NaN
2016-09-21 21:15,NaN,NaN,NaN,NaN,NaN,NaN,NaN
2016-09-21 21:30,NaN,NaN,NaN,NaN,NaN,NaN,NaN
2016-09-21 21:45,NaN,NaN,NaN,NaN,NaN,NaN,NaN
2016-09-21 22:00,NaN,NaN,NaN,NaN,NaN,NaN,NaN
2016-09-21 22:15,NaN,NaN,NaN,NaN,NaN,NaN,NaN
2016-09-21 22:30,NaN,NaN,NaN,NaN,NaN,NaN,NaN
2016-09-21 22:45,NaN,NaN,NaN,NaN,NaN,NaN,NaN
2016-09-21 23:00,NaN,NaN,NaN,NaN,NaN,NaN,NaN
2016-09-21 23:15,NaN,NaN,NaN,NaN,NaN,NaN,NaN
2016-09-21 23:30,NaN,NaN,NaN,NaN,NaN,NaN,NaN
2016-09-21 23:45,NaN,NaN,NaN,NaN,NaN,NaN,NaN
2016-09-22 00:00,NaN,NaN,NaN,NaN,NaN,NaN,NaN
2016-09-22 00:15,NaN,NaN,NaN,NaN,NaN,NaN,NaN
2016-09-22 00:30,NaN,NaN,NaN,NaN,NaN,NaN,NaN
2016-09-22 00:45,NaN,NaN,NaN,NaN,NaN,NaN,NaN
2016-09-22 01:00,NaN,NaN,NaN,NaN,NaN,NaN,NaN
2016-09-22 01:15,NaN,NaN,NaN,NaN,NaN,NaN,NaN
2016-09-22 01:30,NaN,NaN,NaN,NaN,NaN,NaN,NaN
2016-09-22 01:45,NaN,NaN,NaN,NaN,NaN,NaN,NaN
2016-09-22 02:00,NaN,NaN,NaN,NaN,NaN,NaN,NaN
2016-09-22 02:15,NaN,NaN,NaN,NaN,NaN,NaN,NaN
2016-09-22 02:30,NaN,NaN,NaN,NaN,NaN,NaN,NaN
2016-09-22 02:45,NaN,NaN,NaN,NaN,NaN,NaN,NaN
2016-09-22 03:00,NaN,NaN,NaN,NaN,NaN,NaN,NaN
2016-09-22 03:15,NaN,NaN,NaN,NaN,NaN,NaN,NaN
2016-09-22 03:30,NaN,NaN,NaN,NaN,NaN,NaN,NaN
2016-09-22 03:45,NaN,NaN,NaN,NaN,NaN,NaN,NaN
2016-09-22 04:00,NaN,NaN,NaN,NaN,NaN,NaN,NaN
2016-09-22 04:15,NaN,NaN,NaN,NaN,NaN,NaN,NaN
2016-09-22 04:30,NaN,NaN,NaN,NaN,NaN,NaN,NaN
2016-09-22 04:45,NaN,NaN,NaN,NaN,NaN,NaN,NaN
2016-09-22 05:00,NaN,NaN,NaN,NaN,NaN,NaN,NaN
2016-09-22 05:15,NaN,NaN,NaN,NaN,NaN,NaN,NaN
2016-09-22 05:30,NaN,NaN,NaN,NaN,NaN,NaN,NaN
2016-09-22 05:45,NaN,NaN,NaN,NaN,NaN,NaN,NaN
2016-09-22 06:00,NaN,NaN,NaN,NaN,NaN,NaN,NaN
2016-09-22 06:15,NaN,NaN,NaN,NaN,NaN,NaN,NaN
2016-09-22 06:30,NaN,NaN,NaN,NaN,NaN,NaN,NaN
2016-09-22 06:45,NaN,NaN,NaN,NaN,NaN,NaN,NaN
2016-09-22 07:00,NaN,NaN,NaN,NaN,NaN,NaN,NaN
2016-09-22 07:15,NaN,NaN,NaN,NaN,NaN,NaN,NaN
2016-09-22 07:30,NaN,NaN,NaN,NaN,NaN,NaN,NaN
2016-09-22 07:45,NaN,NaN,NaN,NaN,NaN,NaN,NaN
2016-09-22 08:00,NaN,NaN,NaN,NaN,NaN,NaN,NaN
2016-09-22 08:15,NaN,NaN,NaN,NaN,NaN,NaN,NaN
2016-09-22 08:30,NaN,NaN,NaN,NaN,NaN,NaN,NaN
2016-09-22 08:45,NaN,NaN,NaN,NaN,NaN,NaN,NaN
2016-09-22 09:00,NaN,NaN,NaN,NaN,NaN,NaN,NaN
2016-09-22 09:15,NaN,NaN,NaN,NaN,NaN,NaN,NaN
2016-09-22 09:30,NaN,NaN,NaN,NaN,NaN,NaN,NaN
2016-09-22 09:45,NaN,NaN,NaN,NaN,NaN,NaN,NaN
2016-09-22 10:00,NaN,NaN,NaN,NaN,NaN,NaN,NaN
2016-09-22 10:15,NaN,NaN,NaN,NaN,NaN,NaN,NaN
2016-09-22 10:30,NaN,NaN,NaN,NaN,NaN,NaN,NaN
2016-09-22 10:45,NaN,NaN,NaN,NaN,NaN,NaN,NaN
2016-09-22 11:00,NaN,NaN,NaN,NaN,NaN,NaN,NaN
2016-09-22 11:15,NaN,NaN,NaN,NaN,NaN,NaN,NaN
2016-09-22 11:30,NaN,NaN,NaN,NaN,NaN,NaN,NaN
2016-09-22 11:45,NaN,NaN,NaN,NaN,NaN,NaN,NaN
2016-09-22 12:00,NaN,NaN,NaN,NaN,NaN,NaN,NaN
2016-09-22 12:15,NaN,NaN,NaN,NaN,NaN,NaN,NaN
2016-09-22 12:30,NaN,NaN,NaN,NaN,NaN,NaN,NaN
2016-09-22 12:45,NaN,NaN,NaN,NaN,NaN,NaN,NaN
2016-09-22 13:00,NaN,NaN,NaN,NaN,NaN,NaN,NaN
2016-09-22 13:15,NaN,NaN,NaN,NaN,NaN,NaN,NaN
2016-09-22 13:30,NaN,NaN,NaN,NaN,NaN,NaN,NaN
2016-09-22 13:45,NaN,NaN,NaN,NaN,NaN,NaN,NaN
2016-09-22 14:00,NaN,NaN,NaN,NaN,NaN,NaN,NaN
2016-09-22 14:15,NaN,NaN,NaN,NaN,NaN,NaN,NaN
2016-09-22 14:30,NaN,NaN,NaN,NaN,NaN,NaN,NaN
2016-09-22 14:45,NaN,NaN,NaN,NaN,NaN,NaN,NaN
2016-09-22 15:00,NaN,NaN,NaN,NaN,NaN,NaN,NaN
2016-09-22 15:15,NaN,NaN,NaN,NaN,NaN,NaN,NaN
2016-09-22 15:30,NaN,NaN,NaN,NaN,NaN,NaN,NaN
2016-09-22 15:45,NaN,NaN,NaN,NaN,NaN,NaN,NaN
2016-09-22 16:00,NaN,NaN,NaN,NaN,NaN,NaN,NaN
2016-09-22 16:15,NaN,NaN,NaN,NaN,NaN,NaN,NaN
2016-09-22 16:30,NaN,NaN,NaN,NaN,NaN,NaN,NaN
2016-09-22 16:45,NaN,NaN,NaN,NaN,NaN,NaN,NaN
2016-09-22 17:00,NaN,NaN,NaN,NaN,NaN,NaN,NaN
2016-09-22 17:15,NaN,NaN,NaN,NaN,NaN,NaN,NaN
2016-09-22 17:30,NaN,NaN,NaN,NaN,NaN,NaN,NaN
2016-09-22 17:45,NaN,NaN,NaN,NaN,NaN,NaN,NaN
2016-09-22 18:00,NaN,NaN,NaN,NaN,NaN,NaN,NaN
2016-09-22 18:15,NaN,NaN,NaN,NaN,NaN,NaN,NaN
2016-09-22 18:30,NaN,NaN,NaN,NaN,NaN,NaN,NaN
2016-09-22 18:45,NaN,NaN,NaN,NaN,NaN,NaN,NaN
2016-09-22 19:00,NaN,NaN,NaN,NaN,NaN,NaN,NaN
2016-09-22 19:15,NaN,NaN,NaN,NaN,NaN,NaN,NaN
2016-09-22 19:30,NaN,NaN,NaN,NaN,NaN,NaN,NaN
2016-09-22 19:45,NaN,NaN,NaN,NaN,NaN,NaN,NaN
2016-09-22 20:00,NaN,NaN,NaN,NaN,NaN,NaN,NaN
2016-09-22 20:15,NaN,NaN,NaN,NaN,NaN,NaN,NaN
2016-09-22 20:30,NaN,NaN,NaN,NaN,NaN,NaN,NaN
2016-09-22 20:45,NaN,NaN,NaN,NaN,NaN,NaN,NaN
2016-09-22 21:00,NaN,NaN,NaN,NaN,NaN,NaN,NaN
2016-09-22 21:15,NaN,NaN,NaN,NaN,NaN,NaN,NaN
2016-09-22 21:30,NaN,NaN,NaN,NaN,NaN,NaN,NaN
2016-09-22 21:45,NaN,NaN,NaN,NaN,NaN,NaN,NaN
2016-09-22 22:00,NaN,NaN,NaN,NaN,NaN,NaN,NaN
2016-09-22 22:15,NaN,NaN,NaN,NaN,NaN,NaN,NaN
2016-09-22 22:30,NaN,NaN,NaN,NaN,NaN,NaN,NaN
2016-09-22 22:45,NaN,NaN,NaN,NaN,NaN,NaN,NaN
2016-09-22 23:00,NaN,NaN,NaN,NaN,NaN,NaN,NaN
2016-09-22 23:15,NaN,NaN,NaN,NaN,NaN,NaN,NaN
2016-09-22 23:30,NaN,NaN,NaN,NaN,NaN,NaN,NaN
2016-09-22 23:45,NaN,NaN,NaN,NaN,NaN,NaN,NaN
2016-09-23 00:00,NaN,NaN,NaN,NaN,NaN,NaN,NaN
2016-09-23 00:15,NaN,NaN,NaN,NaN,NaN,NaN,NaN
2016-09-23 00:30,NaN,NaN,NaN,NaN,NaN,NaN,NaN
2016-09-23 00:45,NaN,NaN,NaN,NaN,NaN,NaN,NaN
2016-09-23 01:00,NaN,NaN,NaN,NaN,NaN,NaN,NaN
2016-09-23 01:15,NaN,NaN,NaN,NaN,NaN,NaN,NaN
2016-09-23 01:30,NaN,NaN,NaN,NaN,NaN,NaN,NaN
2016-09-23 01:45,NaN,NaN,NaN,NaN,NaN,NaN,NaN
2016-09-23 02:00,NaN,NaN,NaN,NaN,NaN,NaN,NaN
2016-09-23 02:15,NaN,NaN,NaN,NaN,NaN,NaN,NaN
2016-09-23 02:30,NaN,NaN,NaN,NaN,NaN,NaN,NaN
2016-09-23 02:45,NaN,NaN,NaN,NaN,NaN,NaN,NaN
2016-09-23 03:00,NaN,NaN,NaN,NaN,NaN,NaN,NaN
2016-09-23 03:15,NaN,NaN,NaN,NaN,NaN,NaN,NaN
2016-09-23 03:30,NaN,NaN,NaN,NaN,NaN,NaN,NaN
2016-09-23 03:45,NaN,NaN,NaN,NaN,NaN,NaN,NaN
2016-09-23 04:00,NaN,NaN,NaN,NaN,NaN,NaN,NaN
2016-09-23 04:15,NaN,NaN,NaN,NaN,NaN,NaN,NaN
2016-09-23 04:30,NaN,NaN,NaN,NaN,NaN,NaN,NaN
2016-09-23 04:45,NaN,NaN,NaN,NaN,NaN,NaN,NaN
2016-09-23 05:00,NaN,NaN,NaN,NaN,NaN,NaN,NaN
2016-09-23 05:15,NaN,NaN,NaN,NaN,NaN,NaN,NaN
2016-09-23 05:30,NaN,NaN,NaN,NaN,NaN,NaN,NaN
2016-09-23 05:45,NaN,NaN,NaN,NaN,NaN,NaN,NaN
2016-09-23 06:00,NaN,NaN,NaN,NaN,NaN,NaN,NaN
2016-09-23 06:15,NaN,NaN,NaN,NaN,NaN,NaN,NaN
2016-09-23 06:30,NaN,NaN,NaN,NaN,NaN,NaN,NaN
2016-09-23 06:45,NaN,NaN,NaN,NaN,NaN,NaN,NaN
2016-09-23 07:00,NaN,NaN,NaN,NaN,NaN,NaN,NaN
2016-09-23 07:15,NaN,NaN,NaN,NaN,NaN,NaN,NaN
2016-09-23 07:30,NaN,NaN,NaN,NaN,NaN,NaN,NaN
2016-09-23 07:45,NaN,NaN,NaN,NaN,NaN,NaN,NaN
2016-09-23 08:00,NaN,NaN,NaN,NaN,NaN,NaN,NaN
2016-09-23 08:15,NaN,NaN,NaN,NaN,NaN,NaN,NaN
2016-09-23 08:30,NaN,NaN,NaN,NaN,NaN,NaN,NaN
2016-09-23 08:45,NaN,NaN,NaN,NaN,NaN,NaN,NaN
2016-09-23 09:00,NaN,NaN,NaN,NaN,NaN,NaN,NaN
2016-09-23 09:15,NaN,NaN,NaN,NaN,NaN,NaN,NaN
2016-09-23 09:30,NaN,NaN,NaN,NaN,NaN,NaN,NaN
2016-09-23 09:45,NaN,NaN,NaN,NaN,NaN,NaN,NaN
2016-09-23 10:00,NaN,NaN,NaN,NaN,NaN,NaN,NaN
2016-09-23 10:15,NaN,NaN,NaN,NaN,NaN,NaN,NaN
2016-09-23 10:30,NaN,NaN,NaN,NaN,NaN,NaN,NaN
2016-09-23 10:45,NaN,NaN,NaN,NaN,NaN,NaN,NaN
2016-09-23 11:00,NaN,NaN,NaN,NaN,NaN,NaN,NaN
2016-09-23 11:15,NaN,NaN,NaN,NaN,NaN,NaN,NaN
2016-09-23 11:30,NaN,NaN,NaN,NaN,NaN,NaN,NaN
2016-09-23 11:45,NaN,NaN,NaN,NaN,NaN,NaN,NaN
2016-09-23 12:00,NaN,NaN,NaN,NaN,NaN,NaN,NaN
2016-09-23 12:15,NaN,NaN,NaN,NaN,NaN,NaN,NaN
2016-09-23 12:30,NaN,NaN,NaN,NaN,NaN,NaN,NaN
2016-09-23 12:45,NaN,NaN,NaN,NaN,NaN,NaN,NaN
2016-09-23 13:00,NaN,NaN,NaN,NaN,NaN,NaN,NaN
2016-09-23 13:15,NaN,NaN,NaN,NaN,NaN,NaN,NaN
2016-09-23 13:30,NaN,NaN,NaN,NaN,NaN,NaN,NaN
2016-09-23 13:45,NaN,NaN,NaN,NaN,NaN,NaN,NaN
2016-09-23 14:00,NaN,NaN,NaN,NaN,NaN,NaN,NaN
2016-09-23 14:15,NaN,NaN,NaN,NaN,NaN,NaN,NaN
2016-09-23 14:30,NaN,NaN,NaN,NaN,NaN,NaN,NaN
2016-09-23 14:45,NaN,NaN,NaN,NaN,NaN,NaN,NaN
2016-09-23 15:00,NaN,NaN,NaN,NaN,NaN,NaN,NaN
2016-09-23 15:15,NaN,NaN,NaN,NaN,NaN,NaN,NaN
2016-09-23 15:30,NaN,NaN,NaN,NaN,NaN,NaN,NaN
2016-09-23 15:45,NaN,NaN,NaN,NaN,NaN,NaN,NaN
2016-09-23 16:00,NaN,NaN,NaN,NaN,NaN,NaN,NaN
2016-09-23 16:15,NaN,NaN,NaN,NaN,NaN,NaN,NaN
2016-09-23 16:30,NaN,NaN,NaN,NaN,NaN,NaN,NaN
2016-09-23 16:45,NaN,NaN,NaN,NaN,NaN,NaN,NaN
2016-09-23 17:00,NaN,NaN,NaN,NaN,NaN,NaN,NaN
2016-09-23 17:15,NaN,NaN,NaN,NaN,NaN,NaN,NaN
2016-09-23 17:30,NaN,NaN,NaN,NaN,NaN,NaN,NaN
2016-09-23 17:45,NaN,NaN,NaN,NaN,NaN,NaN,NaN
2016-09-23 18:00,NaN,NaN,NaN,NaN,NaN,NaN,NaN
2016-09-23 18:15,NaN,NaN,NaN,NaN,NaN,NaN,NaN
2016-09-23 18:30,NaN,NaN,NaN,NaN,NaN,NaN,NaN
2016-09-23 18:45,NaN,NaN,NaN,NaN,NaN,NaN,NaN
2016-09-23 19:00,NaN,NaN,NaN,NaN,NaN,NaN,NaN
2016-09-23 19:15,NaN,NaN,NaN,NaN,NaN,NaN,NaN
2016-09-23 19:30,NaN,NaN,NaN,NaN,NaN,NaN,NaN
2016-09-23 19:45,NaN,NaN,NaN,NaN,NaN,NaN,NaN
2016-09-23 20:00,NaN,NaN,NaN,NaN,NaN,NaN,NaN
2016-09-23 20:15,NaN,NaN,NaN,NaN,NaN,NaN,NaN
2016-09-23 20:30,NaN,NaN,NaN,NaN,NaN,NaN,NaN
2016-09-23 20:45,NaN,NaN,NaN,NaN,NaN,NaN,NaN
2016-09-23 21:00,NaN,NaN,NaN,NaN,NaN,NaN,NaN
2016-09-23 21:15,NaN,NaN,NaN,NaN,NaN,NaN,NaN
2016-09-23 21:30,NaN,NaN,NaN,NaN,NaN,NaN,NaN
2016-09-23 21:45,NaN,NaN,NaN,NaN,NaN,NaN,NaN
2016-09-23 22:00,NaN,NaN,NaN,NaN,NaN,NaN,NaN
2016-09-23 22:15,NaN,NaN,NaN,NaN,NaN,NaN,NaN
2016-09-23 22:30,NaN,NaN,NaN,NaN,NaN,NaN,NaN
2016-09-23 22:45,NaN,NaN,NaN,NaN,NaN,NaN,NaN
2016-09-23 23:00,NaN,NaN,NaN,NaN,NaN,NaN,NaN
2016-09-23 23:15,NaN,NaN,NaN,NaN,NaN,NaN,NaN
2016-09-23 23:30,NaN,NaN,NaN,NaN,NaN,NaN,NaN
2016-09-23 23:45,NaN,NaN,NaN,NaN,NaN,NaN,NaN
2016-09-24 00:00,NaN,NaN,NaN,NaN,NaN,NaN,NaN
2016-09-24 00:15,NaN,NaN,NaN,NaN,NaN,NaN,NaN
2016-09-24 00:30,NaN,NaN,NaN,NaN,NaN,NaN,NaN
2016-09-24 00:45,NaN,NaN,NaN,NaN,NaN,NaN,NaN
2016-09-24 01:00,NaN,NaN,NaN,NaN,NaN,NaN,NaN
2016-09-24 01:15,NaN,NaN,NaN,NaN,NaN,NaN,NaN
2016-09-24 01:30,NaN,NaN,NaN,NaN,NaN,NaN,NaN
2016-09-24 01:45,NaN,NaN,NaN,NaN,NaN,NaN,NaN
2016-09-24 02:00,NaN,NaN,NaN,NaN,NaN,NaN,NaN
2016-09-24 02:15,NaN,NaN,NaN,NaN,NaN,NaN,NaN
2016-09-24 02:30,NaN,NaN,NaN,NaN,NaN,NaN,NaN
2016-09-24 02:45,NaN,NaN,NaN,NaN,NaN,NaN,NaN
2016-09-24 03:00,NaN,NaN,NaN,NaN,NaN,NaN,NaN
2016-09-24 03:15,NaN,NaN,NaN,NaN,NaN,NaN,NaN
2016-09-24 03:30,NaN,NaN,NaN,NaN,NaN,NaN,NaN
2016-09-24 03:45,NaN,NaN,NaN,NaN,NaN,NaN,NaN
2016-09-24 04:00,NaN,NaN,NaN,NaN,NaN,NaN,NaN
2016-09-24 04:15,NaN,NaN,NaN,NaN,NaN,NaN,NaN
2016-09-24 04:30,NaN,NaN,NaN,NaN,NaN,NaN,NaN
2016-09-24 04:45,NaN,NaN,NaN,NaN,NaN,NaN,NaN
2016-09-24 05:00,NaN,NaN,NaN,NaN,NaN,NaN,NaN
2016-09-24 05:15,NaN,NaN,NaN,NaN,NaN,NaN,NaN
2016-09-24 05:30,NaN,NaN,NaN,NaN,NaN,NaN,NaN
2016-09-24 05:45,NaN,NaN,NaN,NaN,NaN,NaN,NaN
2016-09-24 06:00,NaN,NaN,NaN,NaN,NaN,NaN,NaN
2016-09-24 06:15,NaN,NaN,NaN,NaN,NaN,NaN,NaN
2016-09-24 06:30,NaN,NaN,NaN,NaN,NaN,NaN,NaN
2016-09-24 06:45,NaN,NaN,NaN,NaN,NaN,NaN,NaN
2016-09-24 07:00,NaN,NaN,NaN,NaN,NaN,NaN,NaN
2016-09-24 07:15,NaN,NaN,NaN,NaN,NaN,NaN,NaN
2016-09-24 07:30,NaN,NaN,NaN,NaN,NaN,NaN,NaN
2016-09-24 07:45,NaN,NaN,NaN,NaN,NaN,NaN,NaN
2016-09-24 08:00,NaN,NaN,NaN,NaN,NaN,NaN,NaN
2016-09-24 08:15,NaN,NaN,NaN,NaN,NaN,NaN,NaN
2016-09-24 08:30,NaN,NaN,NaN,NaN,NaN,NaN,NaN
2016-09-24 08:45,NaN,NaN,NaN,NaN,NaN,NaN,NaN
2016-09-24 09:00,NaN,NaN,NaN,NaN,NaN,NaN,NaN
2016-09-24 09:15,NaN,NaN,NaN,NaN,NaN,NaN,NaN
2016-09-24 09:30,NaN,NaN,NaN,NaN,NaN,NaN,NaN
2016-09-24 09:45,NaN,NaN,NaN,NaN,NaN,NaN,NaN
2016-09-24 10:00,NaN,NaN,NaN,NaN,NaN,NaN,NaN
2016-09-24 10:15,NaN,NaN,NaN,NaN,NaN,NaN,NaN
2016-09-24 10:30,NaN,NaN,NaN,NaN,NaN,NaN,NaN
2016-09-24 10:45,NaN,NaN,NaN,NaN,NaN,NaN,NaN
2016-09-24 11:00,NaN,NaN,NaN,NaN,NaN,NaN,NaN
2016-09-24 11:15,NaN,NaN,NaN,NaN,NaN,NaN,NaN
2016-09-24 11:30,NaN,NaN,NaN,NaN,NaN,NaN,NaN
2016-09-24 11:45,NaN,NaN,NaN,NaN,NaN,NaN,NaN
2016-09-24 12:00,NaN,NaN,NaN,NaN,NaN,NaN,NaN
2016-09-24 12:15,NaN,NaN,NaN,NaN,NaN,NaN,NaN
2016-09-24 12:30,NaN,NaN,NaN,NaN,NaN,NaN,NaN
2016-09-24 12:45,NaN,NaN,NaN,NaN,NaN,NaN,NaN
2016-09-24 13:00,NaN,NaN,NaN,NaN,NaN,NaN,NaN
2016-09-24 13:15,NaN,NaN,NaN,NaN,NaN,NaN,NaN
2016-09-24 13:30,NaN,NaN,NaN,NaN,NaN,NaN,NaN
2016-09-24 13:45,NaN,NaN,NaN,NaN,NaN,NaN,NaN
2016-09-24 14:00,NaN,NaN,NaN,NaN,NaN,NaN,NaN
2016-09-24 14:15,NaN,NaN,NaN,NaN,NaN,NaN,NaN
2016-09-24 14:30,NaN,NaN,NaN,NaN,NaN,NaN,NaN
2016-09-24 14:45,NaN,NaN,NaN,NaN,NaN,NaN,NaN
2016-09-24 15:00,NaN,NaN,NaN,NaN,NaN,NaN,NaN
2016-09-24 15:15,NaN,NaN,NaN,NaN,NaN,NaN,NaN
2016-09-24 15:30,NaN,NaN,NaN,NaN,NaN,NaN,NaN
2016-09-24 15:45,NaN,NaN,NaN,NaN,NaN,NaN,NaN
2016-09-24 16:00,NaN,NaN,NaN,NaN,NaN,NaN,NaN
2016-09-24 16:15,NaN,NaN,NaN,NaN,NaN,NaN,NaN
2016-09-24 16:30,NaN,NaN,NaN,NaN,NaN,NaN,NaN
2016-09-24 16:45,NaN,NaN,NaN,NaN,NaN,NaN,NaN
2016-09-24 17:00,NaN,NaN,NaN,NaN,NaN,NaN,NaN
2016-09-24 17:15,NaN,NaN,NaN,NaN,NaN,NaN,NaN
2016-09-24 17:30,NaN,NaN,NaN,NaN,NaN,NaN,NaN
2016-09-24 17:45,NaN,NaN,NaN,NaN,NaN,NaN,NaN
2016-09-24 18:00,NaN,NaN,NaN,NaN,NaN,NaN,NaN
2016-09-24 18:15,NaN,NaN,NaN,NaN,NaN,NaN,NaN
2016-09-24 18:30,NaN,NaN,NaN,NaN,NaN,NaN,NaN
2016-09-24 18:45,NaN,NaN,NaN,NaN,NaN,NaN,NaN
2016-09-24 19:00,NaN,NaN,NaN,NaN,NaN,NaN,NaN
2016-09-24 19:15,NaN,NaN,NaN,NaN,NaN,NaN,NaN
2016-09-24 19:30,NaN,NaN,NaN,NaN,NaN,NaN,NaN
2016-09-24 19:45,NaN,NaN,NaN,NaN,NaN,NaN,NaN
2016-09-24 20:00,NaN,NaN,NaN,NaN,NaN,NaN,NaN
2016-09-24 20:15,NaN,NaN,NaN,NaN,NaN,NaN,NaN
2016-09-24 20:30,NaN,NaN,NaN,NaN,NaN,NaN,NaN
2016-09-24 20:45,NaN,NaN,NaN,NaN,NaN,NaN,NaN
2016-09-24 21:00,NaN,NaN,NaN,NaN,NaN,NaN,NaN
2016-09-24 21:15,NaN,NaN,NaN,NaN,NaN,NaN,NaN
2016-09-24 21:30,NaN,NaN,NaN,NaN,NaN,NaN,NaN
2016-09-24 21:45,NaN,NaN,NaN,NaN,NaN,NaN,NaN
2016-09-24 22:00,NaN,NaN,NaN,NaN,NaN,NaN,NaN
2016-09-24 22:15,NaN,NaN,NaN,NaN,NaN,NaN,NaN
2016-09-24 22:30,NaN,NaN,NaN,NaN,NaN,NaN,NaN
2016-09-24 22:45,NaN,NaN,NaN,NaN,NaN,NaN,NaN
2016-09-24 23:00,NaN,NaN,NaN,NaN,NaN,NaN,NaN
2016-09-24 23:15,NaN,NaN,NaN,NaN,NaN,NaN,NaN
2016-09-24 23:30,NaN,NaN,NaN,NaN,NaN,NaN,NaN
2016-09-24 23:45,NaN,NaN,NaN,NaN,NaN,NaN,NaN
2016-09-25 00:00,NaN,NaN,NaN,NaN,NaN,NaN,NaN
2016-09-25 00:15,NaN,NaN,NaN,NaN,NaN,NaN,NaN
2016-09-25 00:30,NaN,NaN,NaN,NaN,NaN,NaN,NaN
2016-09-25 00:45,NaN,NaN,NaN,NaN,NaN,NaN,NaN
2016-09-25 01:00,NaN,NaN,NaN,NaN,NaN,NaN,NaN
2016-09-25 01:15,NaN,NaN,NaN,NaN,NaN,NaN,NaN
2016-09-25 01:30,NaN,NaN,NaN,NaN,NaN,NaN,NaN
2016-09-25 01:45,NaN,NaN,NaN,NaN,NaN,NaN,NaN
2016-09-25 02:00,NaN,NaN,NaN,NaN,NaN,NaN,NaN
2016-09-25 02:15,NaN,NaN,NaN,NaN,NaN,NaN,NaN
2016-09-25 02:30,NaN,NaN,NaN,NaN,NaN,NaN,NaN
2016-09-25 02:45,NaN,NaN,NaN,NaN,NaN,NaN,NaN
2016-09-25 03:00,NaN,NaN,NaN,NaN,NaN,NaN,NaN
2016-09-25 03:15,NaN,NaN,NaN,NaN,NaN,NaN,NaN
2016-09-25 03:30,NaN,NaN,NaN,NaN,NaN,NaN,NaN
2016-09-25 03:45,NaN,NaN,NaN,NaN,NaN,NaN,NaN
2016-09-25 04:00,NaN,NaN,NaN,NaN,NaN,NaN,NaN
2016-09-25 04:15,NaN,NaN,NaN,NaN,NaN,NaN,NaN
2016-09-25 04:30,NaN,NaN,NaN,NaN,NaN,NaN,NaN
2016-09-25 04:45,NaN,NaN,NaN,NaN,NaN,NaN,NaN
2016-09-25 05:00,NaN,NaN,NaN,NaN,NaN,NaN,NaN
2016-09-25 05:15,NaN,NaN,NaN,NaN,NaN,NaN,NaN
2016-09-25 05:30,NaN,NaN,NaN,NaN,NaN,NaN,NaN
2016-09-25 05:45,NaN,NaN,NaN,NaN,NaN,NaN,NaN
2016-09-25 06:00,NaN,NaN,NaN,NaN,NaN,NaN,NaN
2016-09-25 06:15,NaN,NaN,NaN,NaN,NaN,NaN,NaN
2016-09-25 06:30,NaN,NaN,NaN,NaN,NaN,NaN,NaN
2016-09-25 06:45,NaN,NaN,NaN,NaN,NaN,NaN,NaN
2016-09-25 07:00,NaN,NaN,NaN,NaN,NaN,NaN,NaN
2016-09-25 07:15,NaN,NaN,NaN,NaN,NaN,NaN,NaN
2016-09-25 07:30,NaN,NaN,NaN,NaN,NaN,NaN,NaN
2016-09-25 07:45,NaN,NaN,NaN,NaN,NaN,NaN,NaN
2016-09-25 08:00,NaN,NaN,NaN,NaN,NaN,NaN,NaN
2016-09-25 08:15,NaN,NaN,NaN,NaN,NaN,NaN,NaN
2016-09-25 08:30,NaN,NaN,NaN,NaN,NaN,NaN,NaN
2016-09-25 08:45,NaN,NaN,NaN,NaN,NaN,NaN,NaN
2016-09-25 09:00,NaN,NaN,NaN,NaN,NaN,NaN,NaN
2016-09-25 09:15,NaN,NaN,NaN,NaN,NaN,NaN,NaN
2016-09-25 09:30,NaN,NaN,NaN,NaN,NaN,NaN,NaN
2016-09-25 09:45,NaN,NaN,NaN,NaN,NaN,NaN,NaN
2016-09-25 10:00,NaN,NaN,NaN,NaN,NaN,NaN,NaN
2016-09-25 10:15,NaN,NaN,NaN,NaN,NaN,NaN,NaN
2016-09-25 10:30,NaN,NaN,NaN,NaN,NaN,NaN,NaN
2016-09-25 10:45,NaN,NaN,NaN,NaN,NaN,NaN,NaN
2016-09-25 11:00,NaN,NaN,NaN,NaN,NaN,NaN,NaN
2016-09-25 11:15,NaN,NaN,NaN,NaN,NaN,NaN,NaN
2016-09-25 11:30,NaN,NaN,NaN,NaN,NaN,NaN,NaN
2016-09-25 11:45,NaN,NaN,NaN,NaN,NaN,NaN,NaN
2016-09-25 12:00,NaN,NaN,NaN,NaN,NaN,NaN,NaN
2016-09-25 12:15,NaN,NaN,NaN,NaN,NaN,NaN,NaN
2016-09-25 12:30,NaN,NaN,NaN,NaN,NaN,NaN,NaN
2016-09-25 12:45,NaN,NaN,NaN,NaN,NaN,NaN,NaN
2016-09-25 13:00,NaN,NaN,NaN,NaN,NaN,NaN,NaN
2016-09-25 13:15,NaN,NaN,NaN,NaN,NaN,NaN,NaN
2016-09-25 13:30,NaN,NaN,NaN,NaN,NaN,NaN,NaN
2016-09-25 13:45,NaN,NaN,NaN,NaN,NaN,NaN,NaN
2016-09-25 14:00,NaN,NaN,NaN,NaN,NaN,NaN,NaN
2016-09-25 14:15,NaN,NaN,NaN,NaN,NaN,NaN,NaN
2016-09-25 14:30,NaN,NaN,NaN,NaN,NaN,NaN,NaN
2016-09-25 14:45,NaN,NaN,NaN,NaN,NaN,NaN,NaN
2016-09-25 15:00,NaN,NaN,NaN,NaN,NaN,NaN,NaN
2016-09-25 15:15,NaN,NaN,NaN,NaN,NaN,NaN,NaN
2016-09-25 15:30,NaN,NaN,NaN,NaN,NaN,NaN,NaN
2016-09-25 15:45,NaN,NaN,NaN,NaN,NaN,NaN,NaN
2016-09-25 16:00,NaN,NaN,NaN,NaN,NaN,NaN,NaN
2016-09-25 16:15,NaN,NaN,NaN,NaN,NaN,NaN,NaN
2016-09-25 16:30,NaN,NaN,NaN,NaN,NaN,NaN,NaN
2016-09-25 16:45,NaN,NaN,NaN,NaN,NaN,NaN,NaN
2016-09-25 17:00,NaN,NaN,NaN,NaN,NaN,NaN,NaN
2016-09-25 17:15,NaN,NaN,NaN,NaN,NaN,NaN,NaN
2016-09-25 17:30,NaN,NaN,NaN,NaN,NaN,NaN,NaN
2016-09-25 17:45,NaN,NaN,NaN,NaN,NaN,NaN,NaN
2016-09-25 18:00,NaN,NaN,NaN,NaN,NaN,NaN,NaN
2016-09-25 18:15,NaN,NaN,NaN,NaN,NaN,NaN,NaN
2016-09-25 18:30,NaN,NaN,NaN,NaN,NaN,NaN,NaN
2016-09-25 18:45,NaN,NaN,NaN,NaN,NaN,NaN,NaN
2016-09-25 19:00,NaN,NaN,NaN,NaN,NaN,NaN,NaN
2016-09-25 19:15,NaN,NaN,NaN,NaN,NaN,NaN,NaN
2016-09-25 19:30,NaN,NaN,NaN,NaN,NaN,NaN,NaN
2016-09-25 19:45,NaN,NaN,NaN,NaN,NaN,NaN,NaN
2016-09-25 20:00,NaN,NaN,NaN,NaN,NaN,NaN,NaN
2016-09-25 20:15,NaN,NaN,NaN,NaN,NaN,NaN,NaN
2016-09-25 20:30,NaN,NaN,NaN,NaN,NaN,NaN,NaN
2016-09-25 20:45,NaN,NaN,NaN,NaN,NaN,NaN,NaN
2016-09-25 21:00,NaN,NaN,NaN,NaN,NaN,NaN,NaN
2016-09-25 21:15,NaN,NaN,NaN,NaN,NaN,NaN,NaN
2016-09-25 21:30,NaN,NaN,NaN,NaN,NaN,NaN,NaN
2016-09-25 21:45,NaN,NaN,NaN,NaN,NaN,NaN,NaN
2016-09-25 22:00,NaN,NaN,NaN,NaN,NaN,NaN,NaN
2016-09-25 22:15,NaN,NaN,NaN,NaN,NaN,NaN,NaN
2016-09-25 22:30,NaN,NaN,NaN,NaN,NaN,NaN,NaN
2016-09-25 22:45,NaN,NaN,NaN,NaN,NaN,NaN,NaN
2016-09-25 23:00,NaN,NaN,NaN,NaN,NaN,NaN,NaN
2016-09-25 23:15,NaN,NaN,NaN,NaN,NaN,NaN,NaN
2016-09-25 23:30,NaN,NaN,NaN,NaN,NaN,NaN,NaN
2016-09-25 23:45,NaN,NaN,NaN,NaN,NaN,NaN,NaN
2016-09-26 00:00,NaN,NaN,NaN,NaN,NaN,NaN,NaN
2016-09-26 00:15,NaN,NaN,NaN,NaN,NaN,NaN,NaN
2016-09-26 00:30,NaN,NaN,NaN,NaN,NaN,NaN,NaN
2016-09-26 00:45,NaN,NaN,NaN,NaN,NaN,NaN,NaN
2016-09-26 01:00,NaN,NaN,NaN,NaN,NaN,NaN,NaN
2016-09-26 01:15,NaN,NaN,NaN,NaN,NaN,NaN,NaN
2016-09-26 01:30,NaN,NaN,NaN,NaN,NaN,NaN,NaN
2016-09-26 01:45,NaN,NaN,NaN,NaN,NaN,NaN,NaN
2016-09-26 02:00,NaN,NaN,NaN,NaN,NaN,NaN,NaN
2016-09-26 02:15,NaN,NaN,NaN,NaN,NaN,NaN,NaN
2016-09-26 02:30,NaN,NaN,NaN,NaN,NaN,NaN,NaN
2016-09-26 02:45,NaN,NaN,NaN,NaN,NaN,NaN,NaN
2016-09-26 03:00,NaN,NaN,NaN,NaN,NaN,NaN,NaN
2016-09-26 03:15,NaN,NaN,NaN,NaN,NaN,NaN,NaN
2016-09-26 03:30,NaN,NaN,NaN,NaN,NaN,NaN,NaN
2016-09-26 03:45,NaN,NaN,NaN,NaN,NaN,NaN,NaN
2016-09-26 04:00,NaN,NaN,NaN,NaN,NaN,NaN,NaN
2016-09-26 04:15,NaN,NaN,NaN,NaN,NaN,NaN,NaN
2016-09-26 04:30,NaN,NaN,NaN,NaN,NaN,NaN,NaN
2016-09-26 04:45,NaN,NaN,NaN,NaN,NaN,NaN,NaN
2016-09-26 05:00,NaN,NaN,NaN,NaN,NaN,NaN,NaN
2016-09-26 05:15,NaN,NaN,NaN,NaN,NaN,NaN,NaN
2016-09-26 05:30,NaN,NaN,NaN,NaN,NaN,NaN,NaN
2016-09-26 05:45,NaN,NaN,NaN,NaN,NaN,NaN,NaN
2016-09-26 06:00,NaN,NaN,NaN,NaN,NaN,NaN,NaN
2016-09-26 06:15,NaN,NaN,NaN,NaN,NaN,NaN,NaN
2016-09-26 06:30,NaN,NaN,NaN,NaN,NaN,NaN,NaN
2016-09-26 06:45,NaN,NaN,NaN,NaN,NaN,NaN,NaN
2016-09-26 07:00,NaN,NaN,NaN,NaN,NaN,NaN,NaN
2016-09-26 07:15,NaN,NaN,NaN,NaN,NaN,NaN,NaN
2016-09-26 07:30,NaN,NaN,NaN,NaN,NaN,NaN,NaN
2016-09-26 07:45,NaN,NaN,NaN,NaN,NaN,NaN,NaN
2016-09-26 08:00,NaN,NaN,NaN,NaN,NaN,NaN,NaN
2016-09-26 08:15,NaN,NaN,NaN,NaN,NaN,NaN,NaN
2016-09-26 08:30,NaN,NaN,NaN,NaN,NaN,NaN,NaN
2016-09-26 08:45,NaN,NaN,NaN,NaN,NaN,NaN,NaN
2016-09-26 09:00,NaN,NaN,NaN,NaN,NaN,NaN,NaN
2016-09-26 09:15,NaN,NaN,NaN,NaN,NaN,NaN,NaN
2016-09-26 09:30,NaN,NaN,NaN,NaN,NaN,NaN,NaN
2016-09-26 09:45,NaN,NaN,NaN,NaN,NaN,NaN,NaN
2016-09-26 10:00,NaN,NaN,NaN,NaN,NaN,NaN,NaN
2016-09-26 10:15,NaN,NaN,NaN,NaN,NaN,NaN,NaN
2016-09-26 10:30,NaN,NaN,NaN,NaN,NaN,NaN,NaN
2016-09-26 10:45,NaN,NaN,NaN,NaN,NaN,NaN,NaN
2016-09-26 11:00,NaN,NaN,NaN,NaN,NaN,NaN,NaN
2016-09-26 11:15,NaN,NaN,NaN,NaN,NaN,NaN,NaN
2016-09-26 11:30,NaN,NaN,NaN,NaN,NaN,NaN,NaN
2016-09-26 11:45,NaN,NaN,NaN,NaN,NaN,NaN,NaN
2016-09-26 12:00,NaN,NaN,NaN,NaN,NaN,NaN,NaN
2016-09-26 12:15,NaN,NaN,NaN,NaN,NaN,NaN,NaN
2016-09-26 12:30,NaN,NaN,NaN,NaN,NaN,NaN,NaN
2016-09-26 12:45,NaN,NaN,NaN,NaN,NaN,NaN,NaN
2016-09-26 13:00,NaN,NaN,NaN,NaN,NaN,NaN,NaN
2016-09-26 13:15,NaN,NaN,NaN,NaN,NaN,NaN,NaN
2016-09-26 13:30,NaN,NaN,NaN,NaN,NaN,NaN,NaN
2016-09-26 13:45,NaN,NaN,NaN,NaN,NaN,NaN,NaN
2016-09-26 14:00,NaN,NaN,NaN,NaN,NaN,NaN,NaN
2016-09-26 14:15,NaN,NaN,NaN,NaN,NaN,NaN,NaN
2016-09-26 14:30,NaN,NaN,NaN,NaN,NaN,NaN,NaN
2016-09-26 14:45,NaN,NaN,NaN,NaN,NaN,NaN,NaN
2016-09-26 15:00,NaN,NaN,NaN,NaN,NaN,NaN,NaN
2016-09-26 15:15,NaN,NaN,NaN,NaN,NaN,NaN,NaN
2016-09-26 15:30,NaN,NaN,NaN,NaN,NaN,NaN,NaN
2016-09-26 15:45,NaN,NaN,NaN,NaN,NaN,NaN,NaN
2016-09-26 16:00,NaN,NaN,NaN,NaN,NaN,NaN,NaN
2016-09-26 16:15,NaN,NaN,NaN,NaN,NaN,NaN,NaN
2016-09-26 16:30,NaN,NaN,NaN,NaN,NaN,NaN,NaN
2016-09-26 16:45,NaN,NaN,NaN,NaN,NaN,NaN,NaN
2016-09-26 17:00,NaN,NaN,NaN,NaN,NaN,NaN,NaN
2016-09-26 17:15,NaN,NaN,NaN,NaN,NaN,NaN,NaN
2016-09-26 17:30,NaN,NaN,NaN,NaN,NaN,NaN,NaN
2016-09-26 17:45,NaN,NaN,NaN,NaN,NaN,NaN,NaN
2016-09-26 18:00,NaN,NaN,NaN,NaN,NaN,NaN,NaN
2016-09-26 18:15,NaN,NaN,NaN,NaN,NaN,NaN,NaN
2016-09-26 18:30,NaN,NaN,NaN,NaN,NaN,NaN,NaN
2016-09-26 18:45,NaN,NaN,NaN,NaN,NaN,NaN,NaN
2016-09-26 19:00,NaN,NaN,NaN,NaN,NaN,NaN,NaN
2016-09-26 19:15,NaN,NaN,NaN,NaN,NaN,NaN,NaN
2016-09-26 19:30,NaN,NaN,NaN,NaN,NaN,NaN,NaN
2016-09-26 19:45,NaN,NaN,NaN,NaN,NaN,NaN,NaN
2016-09-26 20:00,NaN,NaN,NaN,NaN,NaN,NaN,NaN
2016-09-26 20:15,NaN,NaN,NaN,NaN,NaN,NaN,NaN
2016-09-26 20:30,NaN,NaN,NaN,NaN,NaN,NaN,NaN
2016-09-26 20:45,NaN,NaN,NaN,NaN,NaN,NaN,NaN
2016-09-26 21:00,NaN,NaN,NaN,NaN,NaN,NaN,NaN
2016-09-26 21:15,NaN,NaN,NaN,NaN,NaN,NaN,NaN
2016-09-26 21:30,NaN,NaN,NaN,NaN,NaN,NaN,NaN
2016-09-26 21:45,NaN,NaN,NaN,NaN,NaN,NaN,NaN
2016-09-26 22:00,NaN,NaN,NaN,NaN,NaN,NaN,NaN
2016-09-26 22:15,NaN,NaN,NaN,NaN,NaN,NaN,NaN
2016-09-26 22:30,NaN,NaN,NaN,NaN,NaN,NaN,NaN
2016-09-26 22:45,NaN,NaN,NaN,NaN,NaN,NaN,NaN
2016-09-26 23:00,NaN,NaN,NaN,NaN,NaN,NaN,NaN
2016-09-26 23:15,NaN,NaN,NaN,NaN,NaN,NaN,NaN
2016-09-26 23:30,NaN,NaN,NaN,NaN,NaN,NaN,NaN
2016-09-26 23:45,NaN,NaN,NaN,NaN,NaN,NaN,NaN
2016-09-27 00:00,NaN,NaN,NaN,NaN,NaN,NaN,NaN
2016-09-27 00:15,NaN,NaN,NaN,NaN,NaN,NaN,NaN
2016-09-27 00:30,NaN,NaN,NaN,NaN,NaN,NaN,NaN
2016-09-27 00:45,NaN,NaN,NaN,NaN,NaN,NaN,NaN
2016-09-27 01:00,NaN,NaN,NaN,NaN,NaN,NaN,NaN
2016-09-27 01:15,NaN,NaN,NaN,NaN,NaN,NaN,NaN
2016-09-27 01:30,NaN,NaN,NaN,NaN,NaN,NaN,NaN
2016-09-27 01:45,NaN,NaN,NaN,NaN,NaN,NaN,NaN
2016-09-27 02:00,NaN,NaN,NaN,NaN,NaN,NaN,NaN
2016-09-27 02:15,NaN,NaN,NaN,NaN,NaN,NaN,NaN
2016-09-27 02:30,NaN,NaN,NaN,NaN,NaN,NaN,NaN
2016-09-27 02:45,NaN,NaN,NaN,NaN,NaN,NaN,NaN
2016-09-27 03:00,NaN,NaN,NaN,NaN,NaN,NaN,NaN
2016-09-27 03:15,NaN,NaN,NaN,NaN,NaN,NaN,NaN
2016-09-27 03:30,NaN,NaN,NaN,NaN,NaN,NaN,NaN
2016-09-27 03:45,NaN,NaN,NaN,NaN,NaN,NaN,NaN
2016-09-27 04:00,NaN,NaN,NaN,NaN,NaN,NaN,NaN
2016-09-27 04:15,NaN,NaN,NaN,NaN,NaN,NaN,NaN
2016-09-27 04:30,NaN,NaN,NaN,NaN,NaN,NaN,NaN
2016-09-27 04:45,NaN,NaN,NaN,NaN,NaN,NaN,NaN
2016-09-27 05:00,NaN,NaN,NaN,NaN,NaN,NaN,NaN
2016-09-27 05:15,NaN,NaN,NaN,NaN,NaN,NaN,NaN
2016-09-27 05:30,NaN,NaN,NaN,NaN,NaN,NaN,NaN
2016-09-27 05:45,NaN,NaN,NaN,NaN,NaN,NaN,NaN
2016-09-27 06:00,NaN,NaN,NaN,NaN,NaN,NaN,NaN
2016-09-27 06:15,NaN,NaN,NaN,NaN,NaN,NaN,NaN
2016-09-27 06:30,NaN,NaN,NaN,NaN,NaN,NaN,NaN
2016-09-27 06:45,NaN,NaN,NaN,NaN,NaN,NaN,NaN
2016-09-27 07:00,NaN,NaN,NaN,NaN,NaN,NaN,NaN
2016-09-27 07:15,NaN,NaN,NaN,NaN,NaN,NaN,NaN
2016-09-27 07:30,NaN,NaN,NaN,NaN,NaN,NaN,NaN
2016-09-27 07:45,NaN,NaN,NaN,NaN,NaN,NaN,NaN
2016-09-27 08:00,NaN,NaN,NaN,NaN,NaN,NaN,NaN
2016-09-27 08:15,NaN,NaN,NaN,NaN,NaN,NaN,NaN
2016-09-27 08:30,NaN,NaN,NaN,NaN,NaN,NaN,NaN
2016-09-27 08:45,NaN,NaN,NaN,NaN,NaN,NaN,NaN
2016-09-27 09:00,NaN,NaN,NaN,NaN,NaN,NaN,NaN
2016-09-27 09:15,NaN,NaN,NaN,NaN,NaN,NaN,NaN
2016-09-27 09:30,NaN,NaN,NaN,NaN,NaN,NaN,NaN
2016-09-27 09:45,NaN,NaN,NaN,NaN,NaN,NaN,NaN
2016-09-27 10:00,NaN,NaN,NaN,NaN,NaN,NaN,NaN
2016-09-27 10:15,NaN,NaN,NaN,NaN,NaN,NaN,NaN
2016-09-27 10:30,NaN,NaN,NaN,NaN,NaN,NaN,NaN
2016-09-27 10:45,NaN,NaN,NaN,NaN,NaN,NaN,NaN
2016-09-27 11:00,NaN,NaN,NaN,NaN,NaN,NaN,NaN
2016-09-27 11:15,NaN,NaN,NaN,NaN,NaN,NaN,NaN
2016-09-27 11:30,NaN,NaN,NaN,NaN,NaN,NaN,NaN
2016-09-27 11:45,NaN,NaN,NaN,NaN,NaN,NaN,NaN
2016-09-27 12:00,NaN,NaN,NaN,NaN,NaN,NaN,NaN
2016-09-27 12:15,NaN,NaN,NaN,NaN,NaN,NaN,NaN
2016-09-27 12:30,NaN,NaN,NaN,NaN,NaN,NaN,NaN
2016-09-27 12:45,NaN,NaN,NaN,NaN,NaN,NaN,NaN
2016-09-27 13:00,NaN,NaN,NaN,NaN,NaN,NaN,NaN
2016-09-27 13:15,NaN,NaN,NaN,NaN,NaN,NaN,NaN
2016-09-27 13:30,NaN,NaN,NaN,NaN,NaN,NaN,NaN
2016-09-27 13:45,NaN,NaN,NaN,NaN,NaN,NaN,NaN
2016-09-27 14:00,NaN,NaN,NaN,NaN,NaN,NaN,NaN
2016-09-27 14:15,NaN,NaN,NaN,NaN,NaN,NaN,NaN
2016-09-27 14:30,NaN,NaN,NaN,NaN,NaN,NaN,NaN
2016-09-27 14:45,NaN,NaN,NaN,NaN,NaN,NaN,NaN
2016-09-27 15:00,NaN,NaN,NaN,NaN,NaN,NaN,NaN
2016-09-27 15:15,NaN,NaN,NaN,NaN,NaN,NaN,NaN
2016-09-27 15:30,NaN,NaN,NaN,NaN,NaN,NaN,NaN
2016-09-27 15:45,NaN,NaN,NaN,NaN,NaN,NaN,NaN
2016-09-27 16:00,NaN,NaN,NaN,NaN,NaN,NaN,NaN
2016-09-27 16:15,NaN,NaN,NaN,NaN,NaN,NaN,NaN
2016-09-27 16:30,NaN,NaN,NaN,NaN,NaN,NaN,NaN
2016-09-27 16:45,NaN,NaN,NaN,NaN,NaN,NaN,NaN
2016-09-27 17:00,NaN,NaN,NaN,NaN,NaN,NaN,NaN
2016-09-27 17:15,NaN,NaN,NaN,NaN,NaN,NaN,NaN
2016-09-27 17:30,NaN,NaN,NaN,NaN,NaN,NaN,NaN
2016-09-27 17:45,NaN,NaN,NaN,NaN,NaN,NaN,NaN
2016-09-27 18:00,NaN,NaN,NaN,NaN,NaN,NaN,NaN
2016-09-27 18:15,NaN,NaN,NaN,NaN,NaN,NaN,NaN
2016-09-27 18:30,NaN,NaN,NaN,NaN,NaN,NaN,NaN
2016-09-27 18:45,NaN,NaN,NaN,NaN,NaN,NaN,NaN
2016-09-27 19:00,NaN,NaN,NaN,NaN,NaN,NaN,NaN
2016-09-27 19:15,NaN,NaN,NaN,NaN,NaN,NaN,NaN
2016-09-27 19:30,NaN,NaN,NaN,NaN,NaN,NaN,NaN
2016-09-27 19:45,NaN,NaN,NaN,NaN,NaN,NaN,NaN
2016-09-27 20:00,NaN,NaN,NaN,NaN,NaN,NaN,NaN
2016-09-27 20:15,NaN,NaN,NaN,NaN,NaN,NaN,NaN
2016-09-27 20:30,NaN,NaN,NaN,NaN,NaN,NaN,NaN
2016-09-27 20:45,NaN,NaN,NaN,NaN,NaN,NaN,NaN
2016-09-27 21:00,NaN,NaN,NaN,NaN,NaN,NaN,NaN
2016-09-27 21:15,NaN,NaN,NaN,NaN,NaN,NaN,NaN
2016-09-27 21:30,NaN,NaN,NaN,NaN,NaN,NaN,NaN
2016-09-27 21:45,NaN,NaN,NaN,NaN,NaN,NaN,NaN
2016-09-27 22:00,NaN,NaN,NaN,NaN,NaN,NaN,NaN
2016-09-27 22:15,NaN,NaN,NaN,NaN,NaN,NaN,NaN
2016-09-27 22:30,NaN,NaN,NaN,NaN,NaN,NaN,NaN
2016-09-27 22:45,NaN,NaN,NaN,NaN,NaN,NaN,NaN
2016-09-27 23:00,NaN,NaN,NaN,NaN,NaN,NaN,NaN
2016-09-27 23:15,NaN,NaN,NaN,NaN,NaN,NaN,NaN
2016-09-27 23:30,NaN,NaN,NaN,NaN,NaN,NaN,NaN
2016-09-27 23:45,NaN,NaN,NaN,NaN,NaN,NaN,NaN
2016-09-28 00:00,NaN,NaN,NaN,NaN,NaN,NaN,NaN
2016-09-28 00:15,NaN,NaN,NaN,NaN,NaN,NaN,NaN
2016-09-28 00:30,NaN,NaN,NaN,NaN,NaN,NaN,NaN
2016-09-28 00:45,NaN,NaN,NaN,NaN,NaN,NaN,NaN
2016-09-28 01:00,NaN,NaN,NaN,NaN,NaN,NaN,NaN
2016-09-28 01:15,NaN,NaN,NaN,NaN,NaN,NaN,NaN
2016-09-28 01:30,NaN,NaN,NaN,NaN,NaN,NaN,NaN
2016-09-28 01:45,NaN,NaN,NaN,NaN,NaN,NaN,NaN
2016-09-28 02:00,NaN,NaN,NaN,NaN,NaN,NaN,NaN
2016-09-28 02:15,NaN,NaN,NaN,NaN,NaN,NaN,NaN
2016-09-28 02:30,NaN,NaN,NaN,NaN,NaN,NaN,NaN
2016-09-28 02:45,NaN,NaN,NaN,NaN,NaN,NaN,NaN
2016-09-28 03:00,NaN,NaN,NaN,NaN,NaN,NaN,NaN
2016-09-28 03:15,NaN,NaN,NaN,NaN,NaN,NaN,NaN
2016-09-28 03:30,NaN,NaN,NaN,NaN,NaN,NaN,NaN
2016-09-28 03:45,NaN,NaN,NaN,NaN,NaN,NaN,NaN
2016-09-28 04:00,NaN,NaN,NaN,NaN,NaN,NaN,NaN
2016-09-28 04:15,NaN,NaN,NaN,NaN,NaN,NaN,NaN
2016-09-28 04:30,NaN,NaN,NaN,NaN,NaN,NaN,NaN
2016-09-28 04:45,NaN,NaN,NaN,NaN,NaN,NaN,NaN
2016-09-28 05:00,NaN,NaN,NaN,NaN,NaN,NaN,NaN
2016-09-28 05:15,NaN,NaN,NaN,NaN,NaN,NaN,NaN
2016-09-28 05:30,NaN,NaN,NaN,NaN,NaN,NaN,NaN
2016-09-28 05:45,NaN,NaN,NaN,NaN,NaN,NaN,NaN
2016-09-28 06:00,NaN,NaN,NaN,NaN,NaN,NaN,NaN
2016-09-28 06:15,NaN,NaN,NaN,NaN,NaN,NaN,NaN
2016-09-28 06:30,NaN,NaN,NaN,NaN,NaN,NaN,NaN
2016-09-28 06:45,NaN,NaN,NaN,NaN,NaN,NaN,NaN
2016-09-28 07:00,NaN,NaN,NaN,NaN,NaN,NaN,NaN
2016-09-28 07:15,NaN,NaN,NaN,NaN,NaN,NaN,NaN
2016-09-28 07:30,NaN,NaN,NaN,NaN,NaN,NaN,NaN
2016-09-28 07:45,NaN,NaN,NaN,NaN,NaN,NaN,NaN
2016-09-28 08:00,NaN,NaN,NaN,NaN,NaN,NaN,NaN
2016-09-28 08:15,NaN,NaN,NaN,NaN,NaN,NaN,NaN
2016-09-28 08:30,NaN,NaN,NaN,NaN,NaN,NaN,NaN
2016-09-28 08:45,NaN,NaN,NaN,NaN,NaN,NaN,NaN
2016-09-28 09:00,NaN,NaN,NaN,NaN,NaN,NaN,NaN
2016-09-28 09:15,NaN,NaN,NaN,NaN,NaN,NaN,NaN
2016-09-28 09:30,NaN,NaN,NaN,NaN,NaN,NaN,NaN
2016-09-28 09:45,NaN,NaN,NaN,NaN,NaN,NaN,NaN
2016-09-28 10:00,NaN,NaN,NaN,NaN,NaN,NaN,NaN
2016-09-28 10:15,NaN,NaN,NaN,NaN,NaN,NaN,NaN
2016-09-28 10:30,NaN,NaN,NaN,NaN,NaN,NaN,NaN
2016-09-28 10:45,NaN,NaN,NaN,NaN,NaN,NaN,NaN
2016-09-28 11:00,NaN,NaN,NaN,NaN,NaN,NaN,NaN
2016-09-28 11:15,NaN,NaN,NaN,NaN,NaN,NaN,NaN
2016-09-28 11:30,NaN,NaN,NaN,NaN,NaN,NaN,NaN
2016-09-28 11:45,NaN,NaN,NaN,NaN,NaN,NaN,NaN
2016-09-28 12:00,NaN,NaN,NaN,NaN,NaN,NaN,NaN
2016-09-28 12:15,NaN,NaN,NaN,NaN,NaN,NaN,NaN
2016-09-28 12:30,NaN,NaN,NaN,NaN,NaN,NaN,NaN
2016-09-28 12:45,NaN,NaN,NaN,NaN,NaN,NaN,NaN
2016-09-28 13:00,NaN,NaN,NaN,NaN,NaN,NaN,NaN
2016-09-28 13:15,NaN,NaN,NaN,NaN,NaN,NaN,NaN
2016-09-28 13:30,NaN,NaN,NaN,NaN,NaN,NaN,NaN
2016-09-28 13:45,NaN,NaN,NaN,NaN,NaN,NaN,NaN
2016-09-28 14:00,NaN,NaN,NaN,NaN,NaN,NaN,NaN
2016-09-28 14:15,NaN,NaN,NaN,NaN,NaN,NaN,NaN
2016-09-28 14:30,NaN,NaN,NaN,NaN,NaN,NaN,NaN
2016-09-28 14:45,NaN,NaN,NaN,NaN,NaN,NaN,NaN
2016-09-28 15:00,NaN,NaN,NaN,NaN,NaN,NaN,NaN
2016-09-28 15:15,NaN,NaN,NaN,NaN,NaN,NaN,NaN
2016-09-28 15:30,NaN,NaN,NaN,NaN,NaN,NaN,NaN
2016-09-28 15:45,NaN,NaN,NaN,NaN,NaN,NaN,NaN
2016-09-28 16:00,NaN,NaN,NaN,NaN,NaN,NaN,NaN
2016-09-28 16:15,NaN,NaN,NaN,NaN,NaN,NaN,NaN
2016-09-28 16:30,NaN,NaN,NaN,NaN,NaN,NaN,NaN
2016-09-28 16:45,NaN,NaN,NaN,NaN,NaN,NaN,NaN
2016-09-28 17:00,NaN,NaN,NaN,NaN,NaN,NaN,NaN
2016-09-28 17:15,NaN,NaN,NaN,NaN,NaN,NaN,NaN
2016-09-28 17:30,NaN,NaN,NaN,NaN,NaN,NaN,NaN
2016-09-28 17:45,NaN,NaN,NaN,NaN,NaN,NaN,NaN
2016-09-28 18:00,NaN,NaN,NaN,NaN,NaN,NaN,NaN
2016-09-28 18:15,NaN,NaN,NaN,NaN,NaN,NaN,NaN
2016-09-28 18:30,NaN,NaN,NaN,NaN,NaN,NaN,NaN
2016-09-28 18:45,NaN,NaN,NaN,NaN,NaN,NaN,NaN
2016-09-28 19:00,NaN,NaN,NaN,NaN,NaN,NaN,NaN
2016-09-28 19:15,NaN,NaN,NaN,NaN,NaN,NaN,NaN
2016-09-28 19:30,NaN,NaN,NaN,NaN,NaN,NaN,NaN
2016-09-28 19:45,NaN,NaN,NaN,NaN,NaN,NaN,NaN
2016-09-28 20:00,NaN,NaN,NaN,NaN,NaN,NaN,NaN
2016-09-28 20:15,NaN,NaN,NaN,NaN,NaN,NaN,NaN
2016-09-28 20:30,NaN,NaN,NaN,NaN,NaN,NaN,NaN
2016-09-28 20:45,NaN,NaN,NaN,NaN,NaN,NaN,NaN
2016-09-28 21:00,NaN,NaN,NaN,NaN,NaN,NaN,NaN
2016-09-28 21:15,NaN,NaN,NaN,NaN,NaN,NaN,NaN
2016-09-28 21:30,NaN,NaN,NaN,NaN,NaN,NaN,NaN
2016-09-28 21:45,NaN,NaN,NaN,NaN,NaN,NaN,NaN
2016-09-28 22:00,NaN,NaN,NaN,NaN,NaN,NaN,NaN
2016-09-28 22:15,NaN,NaN,NaN,NaN,NaN,NaN,NaN
2016-09-28 22:30,NaN,NaN,NaN,NaN,NaN,NaN,NaN
2016-09-28 22:45,NaN,NaN,NaN,NaN,NaN,NaN,NaN
2016-09-28 23:00,NaN,NaN,NaN,NaN,NaN,NaN,NaN
2016-09-28 23:15,NaN,NaN,NaN,NaN,NaN,NaN,NaN
2016-09-28 23:30,NaN,NaN,NaN,NaN,NaN,NaN,NaN
2016-09-28 23:45,NaN,NaN,NaN,NaN,NaN,NaN,NaN
2016-09-29 00:00,NaN,NaN,NaN,NaN,NaN,NaN,NaN
2016-09-29 00:15,NaN,NaN,NaN,NaN,NaN,NaN,NaN
2016-09-29 00:30,NaN,NaN,NaN,NaN,NaN,NaN,NaN
2016-09-29 00:45,NaN,NaN,NaN,NaN,NaN,NaN,NaN
2016-09-29 01:00,NaN,NaN,NaN,NaN,NaN,NaN,NaN
2016-09-29 01:15,NaN,NaN,NaN,NaN,NaN,NaN,NaN
2016-09-29 01:30,NaN,NaN,NaN,NaN,NaN,NaN,NaN
2016-09-29 01:45,NaN,NaN,NaN,NaN,NaN,NaN,NaN
2016-09-29 02:00,NaN,NaN,NaN,NaN,NaN,NaN,NaN
2016-09-29 02:15,NaN,NaN,NaN,NaN,NaN,NaN,NaN
2016-09-29 02:30,NaN,NaN,NaN,NaN,NaN,NaN,NaN
2016-09-29 02:45,NaN,NaN,NaN,NaN,NaN,NaN,NaN
2016-09-29 03:00,NaN,NaN,NaN,NaN,NaN,NaN,NaN
2016-09-29 03:15,NaN,NaN,NaN,NaN,NaN,NaN,NaN
2016-09-29 03:30,NaN,NaN,NaN,NaN,NaN,NaN,NaN
2016-09-29 03:45,NaN,NaN,NaN,NaN,NaN,NaN,NaN
2016-09-29 04:00,NaN,NaN,NaN,NaN,NaN,NaN,NaN
2016-09-29 04:15,NaN,NaN,NaN,NaN,NaN,NaN,NaN
2016-09-29 04:30,NaN,NaN,NaN,NaN,NaN,NaN,NaN
2016-09-29 04:45,NaN,NaN,NaN,NaN,NaN,NaN,NaN
2016-09-29 05:00,NaN,NaN,NaN,NaN,NaN,NaN,NaN
2016-09-29 05:15,NaN,NaN,NaN,NaN,NaN,NaN,NaN
2016-09-29 05:30,NaN,NaN,NaN,NaN,NaN,NaN,NaN
2016-09-29 05:45,NaN,NaN,NaN,NaN,NaN,NaN,NaN
2016-09-29 06:00,NaN,NaN,NaN,NaN,NaN,NaN,NaN
2016-09-29 06:15,NaN,NaN,NaN,NaN,NaN,NaN,NaN
2016-09-29 06:30,NaN,NaN,NaN,NaN,NaN,NaN,NaN
2016-09-29 06:45,NaN,NaN,NaN,NaN,NaN,NaN,NaN
2016-09-29 07:00,NaN,NaN,NaN,NaN,NaN,NaN,NaN
2016-09-29 07:15,NaN,NaN,NaN,NaN,NaN,NaN,NaN
2016-09-29 07:30,NaN,NaN,NaN,NaN,NaN,NaN,NaN
2016-09-29 07:45,NaN,NaN,NaN,NaN,NaN,NaN,NaN
2016-09-29 08:00,NaN,NaN,NaN,NaN,NaN,NaN,NaN
2016-09-29 08:15,NaN,NaN,NaN,NaN,NaN,NaN,NaN
2016-09-29 08:30,NaN,NaN,NaN,NaN,NaN,NaN,NaN
2016-09-29 08:45,NaN,NaN,NaN,NaN,NaN,NaN,NaN
2016-09-29 09:00,NaN,NaN,NaN,NaN,NaN,NaN,NaN
2016-09-29 09:15,NaN,NaN,NaN,NaN,NaN,NaN,NaN
2016-09-29 09:30,NaN,NaN,NaN,NaN,NaN,NaN,NaN
2016-09-29 09:45,NaN,NaN,NaN,NaN,NaN,NaN,NaN
2016-09-29 10:00,NaN,NaN,NaN,NaN,NaN,NaN,NaN
2016-09-29 10:15,NaN,NaN,NaN,NaN,NaN,NaN,NaN
2016-09-29 10:30,NaN,NaN,NaN,NaN,NaN,NaN,NaN
2016-09-29 10:45,NaN,NaN,NaN,NaN,NaN,NaN,NaN
2016-09-29 11:00,NaN,NaN,NaN,NaN,NaN,NaN,NaN
2016-09-29 11:15,NaN,NaN,NaN,NaN,NaN,NaN,NaN
2016-09-29 11:30,NaN,NaN,NaN,NaN,NaN,NaN,NaN
2016-09-29 11:45,NaN,NaN,NaN,NaN,NaN,NaN,NaN
2016-09-29 12:00,NaN,NaN,NaN,NaN,NaN,NaN,NaN
2016-09-29 12:15,NaN,NaN,NaN,NaN,NaN,NaN,NaN
2016-09-29 12:30,NaN,NaN,NaN,NaN,NaN,NaN,NaN
2016-09-29 12:45,NaN,NaN,NaN,NaN,NaN,NaN,NaN
2016-09-29 13:00,NaN,NaN,NaN,NaN,NaN,NaN,NaN
2016-09-29 13:15,NaN,NaN,NaN,NaN,NaN,NaN,NaN
2016-09-29 13:30,NaN,NaN,NaN,NaN,NaN,NaN,NaN
2016-09-29 13:45,NaN,NaN,NaN,NaN,NaN,NaN,NaN
2016-09-29 14:00,NaN,NaN,NaN,NaN,NaN,NaN,NaN
2016-09-29 14:15,NaN,NaN,NaN,NaN,NaN,NaN,NaN
2016-09-29 14:30,NaN,NaN,NaN,NaN,NaN,NaN,NaN
2016-09-29 14:45,NaN,NaN,NaN,NaN,NaN,NaN,NaN
2016-09-29 15:00,NaN,NaN,NaN,NaN,NaN,NaN,NaN
2016-09-29 15:15,NaN,NaN,NaN,NaN,NaN,NaN,NaN
2016-09-29 15:30,NaN,NaN,NaN,NaN,NaN,NaN,NaN
2016-09-29 15:45,NaN,NaN,NaN,NaN,NaN,NaN,NaN
2016-09-29 16:00,NaN,NaN,NaN,NaN,NaN,NaN,NaN
2016-09-29 16:15,NaN,NaN,NaN,NaN,NaN,NaN,NaN
2016-09-29 16:30,NaN,NaN,NaN,NaN,NaN,NaN,NaN
2016-09-29 16:45,NaN,NaN,NaN,NaN,NaN,NaN,NaN
2016-09-29 17:00,NaN,NaN,NaN,NaN,NaN,NaN,NaN
2016-09-29 17:15,NaN,NaN,NaN,NaN,NaN,NaN,NaN
2016-09-29 17:30,NaN,NaN,NaN,NaN,NaN,NaN,NaN
2016-09-29 17:45,NaN,NaN,NaN,NaN,NaN,NaN,NaN
2016-09-29 18:00,NaN,NaN,NaN,NaN,NaN,NaN,NaN
2016-09-29 18:15,NaN,NaN,NaN,NaN,NaN,NaN,NaN
2016-09-29 18:30,NaN,NaN,NaN,NaN,NaN,NaN,NaN
2016-09-29 18:45,NaN,NaN,NaN,NaN,NaN,NaN,NaN
2016-09-29 19:00,NaN,NaN,NaN,NaN,NaN,NaN,NaN
2016-09-29 19:15,NaN,NaN,NaN,NaN,NaN,NaN,NaN
2016-09-29 19:30,NaN,NaN,NaN,NaN,NaN,NaN,NaN
2016-09-29 19:45,NaN,NaN,NaN,NaN,NaN,NaN,NaN
2016-09-29 20:00,NaN,NaN,NaN,NaN,NaN,NaN,NaN
2016-09-29 20:15,NaN,NaN,NaN,NaN,NaN,NaN,NaN
2016-09-29 20:30,NaN,NaN,NaN,NaN,NaN,NaN,NaN
2016-09-29 20:45,NaN,NaN,NaN,NaN,NaN,NaN,NaN
2016-09-29 21:00,NaN,NaN,NaN,NaN,NaN,NaN,NaN
2016-09-29 21:15,NaN,NaN,NaN,NaN,NaN,NaN,NaN
2016-09-29 21:30,NaN,NaN,NaN,NaN,NaN,NaN,NaN
2016-09-29 21:45,NaN,NaN,NaN,NaN,NaN,NaN,NaN
2016-09-29 22:00,NaN,NaN,NaN,NaN,NaN,NaN,NaN
2016-09-29 22:15,NaN,NaN,NaN,NaN,NaN,NaN,NaN
2016-09-29 22:30,NaN,NaN,NaN,NaN,NaN,NaN,NaN
2016-09-29 22:45,NaN,NaN,NaN,NaN,NaN,NaN,NaN
2016-09-29 23:00,NaN,NaN,NaN,NaN,NaN,NaN,NaN
2016-09-29 23:15,NaN,NaN,NaN,NaN,NaN,NaN,NaN
2016-09-29 23:30,NaN,NaN,NaN,NaN,NaN,NaN,NaN
2016-09-29 23:45,NaN,NaN,NaN,NaN,NaN,NaN,NaN
2016-09-30 00:00,NaN,NaN,NaN,NaN,NaN,NaN,NaN
2016-09-30 00:15,NaN,NaN,NaN,NaN,NaN,NaN,NaN
2016-09-30 00:30,NaN,NaN,NaN,NaN,NaN,NaN,NaN
2016-09-30 00:45,NaN,NaN,NaN,NaN,NaN,NaN,NaN
2016-09-30 01:00,NaN,NaN,NaN,NaN,NaN,NaN,NaN
2016-09-30 01:15,NaN,NaN,NaN,NaN,NaN,NaN,NaN
2016-09-30 01:30,NaN,NaN,NaN,NaN,NaN,NaN,NaN
2016-09-30 01:45,NaN,NaN,NaN,NaN,NaN,NaN,NaN
2016-09-30 02:00,NaN,NaN,NaN,NaN,NaN,NaN,NaN
2016-09-30 02:15,NaN,NaN,NaN,NaN,NaN,NaN,NaN
2016-09-30 02:30,NaN,NaN,NaN,NaN,NaN,NaN,NaN
2016-09-30 02:45,NaN,NaN,NaN,NaN,NaN,NaN,NaN
2016-09-30 03:00,NaN,NaN,NaN,NaN,NaN,NaN,NaN
2016-09-30 03:15,NaN,NaN,NaN,NaN,NaN,NaN,NaN
2016-09-30 03:30,NaN,NaN,NaN,NaN,NaN,NaN,NaN
2016-09-30 03:45,NaN,NaN,NaN,NaN,NaN,NaN,NaN
2016-09-30 04:00,NaN,NaN,NaN,NaN,NaN,NaN,NaN
2016-09-30 04:15,NaN,NaN,NaN,NaN,NaN,NaN,NaN
2016-09-30 04:30,NaN,NaN,NaN,NaN,NaN,NaN,NaN
2016-09-30 04:45,NaN,NaN,NaN,NaN,NaN,NaN,NaN
2016-09-30 05:00,NaN,NaN,NaN,NaN,NaN,NaN,NaN
2016-09-30 05:15,NaN,NaN,NaN,NaN,NaN,NaN,NaN
2016-09-30 05:30,NaN,NaN,NaN,NaN,NaN,NaN,NaN
2016-09-30 05:45,NaN,NaN,NaN,NaN,NaN,NaN,NaN
2016-09-30 06:00,NaN,NaN,NaN,NaN,NaN,NaN,NaN
2016-09-30 06:15,NaN,NaN,NaN,NaN,NaN,NaN,NaN
2016-09-30 06:30,NaN,NaN,NaN,NaN,NaN,NaN,NaN
2016-09-30 06:45,NaN,NaN,NaN,NaN,NaN,NaN,NaN
2016-09-30 07:00,NaN,NaN,NaN,NaN,NaN,NaN,NaN
2016-09-30 07:15,NaN,NaN,NaN,NaN,NaN,NaN,NaN
2016-09-30 07:30,NaN,NaN,NaN,NaN,NaN,NaN,NaN
2016-09-30 07:45,NaN,NaN,NaN,NaN,NaN,NaN,NaN
2016-09-30 08:00,NaN,NaN,NaN,NaN,NaN,NaN,NaN
2016-09-30 08:15,NaN,NaN,NaN,NaN,NaN,NaN,NaN
2016-09-30 08:30,NaN,NaN,NaN,NaN,NaN,NaN,NaN
2016-09-30 08:45,NaN,NaN,NaN,NaN,NaN,NaN,NaN
2016-09-30 09:00,NaN,NaN,NaN,NaN,NaN,NaN,NaN
2016-09-30 09:15,NaN,NaN,NaN,NaN,NaN,NaN,NaN
2016-09-30 09:30,NaN,NaN,NaN,NaN,NaN,NaN,NaN
2016-09-30 09:45,NaN,NaN,NaN,NaN,NaN,NaN,NaN
2016-09-30 10:00,NaN,NaN,NaN,NaN,NaN,NaN,NaN
2016-09-30 10:15,NaN,NaN,NaN,NaN,NaN,NaN,NaN
2016-09-30 10:30,NaN,NaN,NaN,NaN,NaN,NaN,NaN
2016-09-30 10:45,NaN,NaN,NaN,NaN,NaN,NaN,NaN
2016-09-30 11:00,NaN,NaN,NaN,NaN,NaN,NaN,NaN
2016-09-30 11:15,NaN,NaN,NaN,NaN,NaN,NaN,NaN
2016-09-30 11:30,NaN,NaN,NaN,NaN,NaN,NaN,NaN
2016-09-30 11:45,NaN,NaN,NaN,NaN,NaN,NaN,NaN
2016-09-30 12:00,NaN,NaN,NaN,NaN,NaN,NaN,NaN
2016-09-30 12:15,NaN,NaN,NaN,NaN,NaN,NaN,NaN
2016-09-30 12:30,NaN,NaN,NaN,NaN,NaN,NaN,NaN
2016-09-30 12:45,NaN,NaN,NaN,NaN,NaN,NaN,NaN
2016-09-30 13:00,NaN,NaN,NaN,NaN,NaN,NaN,NaN
2016-09-30 13:15,NaN,NaN,NaN,NaN,NaN,NaN,NaN
2016-09-30 13:30,NaN,NaN,NaN,NaN,NaN,NaN,NaN
2016-09-30 13:45,NaN,NaN,NaN,NaN,NaN,NaN,NaN
2016-09-30 14:00,NaN,NaN,NaN,NaN,NaN,NaN,NaN
2016-09-30 14:15,NaN,NaN,NaN,NaN,NaN,NaN,NaN
2016-09-30 14:30,NaN,NaN,NaN,NaN,NaN,NaN,NaN
2016-09-30 14:45,NaN,NaN,NaN,NaN,NaN,NaN,NaN
2016-09-30 15:00,NaN,NaN,NaN,NaN,NaN,NaN,NaN
2016-09-30 15:15,NaN,NaN,NaN,NaN,NaN,NaN,NaN
2016-09-30 15:30,NaN,NaN,NaN,NaN,NaN,NaN,NaN
2016-09-30 15:45,NaN,NaN,NaN,NaN,NaN,NaN,NaN
2016-09-30 16:00,NaN,NaN,NaN,NaN,NaN,NaN,NaN
2016-09-30 16:15,NaN,NaN,NaN,NaN,NaN,NaN,NaN
2016-09-30 16:30,NaN,NaN,NaN,NaN,NaN,NaN,NaN
2016-09-30 16:45,NaN,NaN,NaN,NaN,NaN,NaN,NaN
2016-09-30 17:00,NaN,NaN,NaN,NaN,NaN,NaN,NaN
2016-09-30 17:15,NaN,NaN,NaN,NaN,NaN,NaN,NaN
2016-09-30 17:30,NaN,NaN,NaN,NaN,NaN,NaN,NaN
2016-09-30 17:45,NaN,NaN,NaN,NaN,NaN,NaN,NaN
2016-09-30 18:00,NaN,NaN,NaN,NaN,NaN,NaN,NaN
2016-09-30 18:15,NaN,NaN,NaN,NaN,NaN,NaN,NaN
2016-09-30 18:30,NaN,NaN,NaN,NaN,NaN,NaN,NaN
2016-09-30 18:45,NaN,NaN,NaN,NaN,NaN,NaN,NaN
2016-09-30 19:00,NaN,NaN,NaN,NaN,NaN,NaN,NaN
2016-09-30 19:15,NaN,NaN,NaN,NaN,NaN,NaN,NaN
2016-09-30 19:30,NaN,NaN,NaN,NaN,NaN,NaN,NaN
2016-09-30 19:45,NaN,NaN,NaN,NaN,NaN,NaN,NaN
2016-09-30 20:00,NaN,NaN,NaN,NaN,NaN,NaN,NaN
2016-09-30 20:15,NaN,NaN,NaN,NaN,NaN,NaN,NaN
2016-09-30 20:30,NaN,NaN,NaN,NaN,NaN,NaN,NaN
2016-09-30 20:45,NaN,NaN,NaN,NaN,NaN,NaN,NaN
2016-09-30 21:00,NaN,NaN,NaN,NaN,NaN,NaN,NaN
2016-09-30 21:15,NaN,NaN,NaN,NaN,NaN,NaN,NaN
2016-09-30 21:30,NaN,NaN,NaN,NaN,NaN,NaN,NaN
2016-09-30 21:45,NaN,NaN,NaN,NaN,NaN,NaN,NaN
2016-09-30 22:00,NaN,NaN,NaN,NaN,NaN,NaN,NaN
2016-09-30 22:15,NaN,NaN,NaN,NaN,NaN,NaN,NaN
2016-09-30 22:30,NaN,NaN,NaN,NaN,NaN,NaN,NaN
2016-09-30 22:45,NaN,NaN,NaN,NaN,NaN,NaN,NaN
2016-09-30 23:00,NaN,NaN,NaN,NaN,NaN,NaN,NaN
2016-09-30 23:15,NaN,NaN,NaN,NaN,NaN,NaN,NaN
2016-09-30 23:30,NaN,NaN,NaN,NaN,NaN,NaN,NaN
2016-09-30 23:45,NaN,NaN,NaN,NaN,NaN,NaN,NaN
2016-10-01 00:00,NaN,NaN,NaN,NaN,NaN,NaN,NaN
2016-10-01 00:15,NaN,NaN,NaN,NaN,NaN,NaN,NaN
2016-10-01 00:30,NaN,NaN,NaN,NaN,NaN,NaN,NaN
2016-10-01 00:45,NaN,NaN,NaN,NaN,NaN,NaN,NaN
2016-10-01 01:00,NaN,NaN,NaN,NaN,NaN,NaN,NaN
2016-10-01 01:15,NaN,NaN,NaN,NaN,NaN,NaN,NaN
2016-10-01 01:30,NaN,NaN,NaN,NaN,NaN,NaN,NaN
2016-10-01 01:45,NaN,NaN,NaN,NaN,NaN,NaN,NaN
2016-10-01 02:00,NaN,NaN,NaN,NaN,NaN,NaN,NaN
2016-10-01 02:15,NaN,NaN,NaN,NaN,NaN,NaN,NaN
2016-10-01 02:30,NaN,NaN,NaN,NaN,NaN,NaN,NaN
2016-10-01 02:45,NaN,NaN,NaN,NaN,NaN,NaN,NaN
2016-10-01 03:00,NaN,NaN,NaN,NaN,NaN,NaN,NaN
2016-10-01 03:15,NaN,NaN,NaN,NaN,NaN,NaN,NaN
2016-10-01 03:30,NaN,NaN,NaN,NaN,NaN,NaN,NaN
2016-10-01 03:45,NaN,NaN,NaN,NaN,NaN,NaN,NaN
2016-10-01 04:00,NaN,NaN,NaN,NaN,NaN,NaN,NaN
2016-10-01 04:15,NaN,NaN,NaN,NaN,NaN,NaN,NaN
2016-10-01 04:30,NaN,NaN,NaN,NaN,NaN,NaN,NaN
2016-10-01 04:45,NaN,NaN,NaN,NaN,NaN,NaN,NaN
2016-10-01 05:00,NaN,NaN,NaN,NaN,NaN,NaN,NaN
2016-10-01 05:15,NaN,NaN,NaN,NaN,NaN,NaN,NaN
2016-10-01 05:30,NaN,NaN,NaN,NaN,NaN,NaN,NaN
2016-10-01 05:45,NaN,NaN,NaN,NaN,NaN,NaN,NaN
2016-10-01 06:00,NaN,NaN,NaN,NaN,NaN,NaN,NaN
2016-10-01 06:15,NaN,NaN,NaN,NaN,NaN,NaN,NaN
2016-10-01 06:30,NaN,NaN,NaN,NaN,NaN,NaN,NaN
2016-10-01 06:45,NaN,NaN,NaN,NaN,NaN,NaN,NaN
2016-10-01 07:00,NaN,NaN,NaN,NaN,NaN,NaN,NaN
2016-10-01 07:15,NaN,NaN,NaN,NaN,NaN,NaN,NaN
2016-10-01 07:30,NaN,NaN,NaN,NaN,NaN,NaN,NaN
2016-10-01 07:45,NaN,NaN,NaN,NaN,NaN,NaN,NaN
2016-10-01 08:00,NaN,NaN,NaN,NaN,NaN,NaN,NaN
2016-10-01 08:15,NaN,NaN,NaN,NaN,NaN,NaN,NaN
2016-10-01 08:30,NaN,NaN,NaN,NaN,NaN,NaN,NaN
2016-10-01 08:45,NaN,NaN,NaN,NaN,NaN,NaN,NaN
2016-10-01 09:00,NaN,NaN,NaN,NaN,NaN,NaN,NaN
2016-10-01 09:15,NaN,NaN,NaN,NaN,NaN,NaN,NaN
2016-10-01 09:30,NaN,NaN,NaN,NaN,NaN,NaN,NaN
2016-10-01 09:45,NaN,NaN,NaN,NaN,NaN,NaN,NaN
2016-10-01 10:00,NaN,NaN,NaN,NaN,NaN,NaN,NaN
2016-10-01 10:15,NaN,NaN,NaN,NaN,NaN,NaN,NaN
2016-10-01 10:30,NaN,NaN,NaN,NaN,NaN,NaN,NaN
2016-10-01 10:45,NaN,NaN,NaN,NaN,NaN,NaN,NaN
2016-10-01 11:00,NaN,NaN,NaN,NaN,NaN,NaN,NaN
2016-10-01 11:15,NaN,NaN,NaN,NaN,NaN,NaN,NaN
2016-10-01 11:30,NaN,NaN,NaN,NaN,NaN,NaN,NaN
2016-10-01 11:45,NaN,NaN,NaN,NaN,NaN,NaN,NaN
2016-10-01 12:00,NaN,NaN,NaN,NaN,NaN,NaN,NaN
2016-10-01 12:15,NaN,NaN,NaN,NaN,NaN,NaN,NaN
2016-10-01 12:30,NaN,NaN,NaN,NaN,NaN,NaN,NaN
2016-10-01 12:45,NaN,NaN,NaN,NaN,NaN,NaN,NaN
2016-10-01 13:00,NaN,NaN,NaN,NaN,NaN,NaN,NaN
2016-10-01 13:15,NaN,NaN,NaN,NaN,NaN,NaN,NaN
2016-10-01 13:30,NaN,NaN,NaN,NaN,NaN,NaN,NaN
2016-10-01 13:45,NaN,NaN,NaN,NaN,NaN,NaN,NaN
2016-10-01 14:00,NaN,NaN,NaN,NaN,NaN,NaN,NaN
2016-10-01 14:15,NaN,NaN,NaN,NaN,NaN,NaN,NaN
2016-10-01 14:30,NaN,NaN,NaN,NaN,NaN,NaN,NaN
2016-10-01 14:45,NaN,NaN,NaN,NaN,NaN,NaN,NaN
2016-10-01 15:00,NaN,NaN,NaN,NaN,NaN,NaN,NaN
2016-10-01 15:15,NaN,NaN,NaN,NaN,NaN,NaN,NaN
2016-10-01 15:30,NaN,NaN,NaN,NaN,NaN,NaN,NaN
2016-10-01 15:45,NaN,NaN,NaN,NaN,NaN,NaN,NaN
2016-10-01 16:00,NaN,NaN,NaN,NaN,NaN,NaN,NaN
2016-10-01 16:15,NaN,NaN,NaN,NaN,NaN,NaN,NaN
2016-10-01 16:30,NaN,NaN,NaN,NaN,NaN,NaN,NaN
2016-10-01 16:45,NaN,NaN,NaN,NaN,NaN,NaN,NaN
2016-10-01 17:00,NaN,NaN,NaN,NaN,NaN,NaN,NaN
2016-10-01 17:15,NaN,NaN,NaN,NaN,NaN,NaN,NaN
2016-10-01 17:30,NaN,NaN,NaN,NaN,NaN,NaN,NaN
2016-10-01 17:45,NaN,NaN,NaN,NaN,NaN,NaN,NaN
2016-10-01 18:00,NaN,NaN,NaN,NaN,NaN,NaN,NaN
2016-10-01 18:15,NaN,NaN,NaN,NaN,NaN,NaN,NaN
2016-10-01 18:30,NaN,NaN,NaN,NaN,NaN,NaN,NaN
2016-10-01 18:45,NaN,NaN,NaN,NaN,NaN,NaN,NaN
2016-10-01 19:00,NaN,NaN,NaN,NaN,NaN,NaN,NaN
2016-10-01 19:15,NaN,NaN,NaN,NaN,NaN,NaN,NaN
2016-10-01 19:30,NaN,NaN,NaN,NaN,NaN,NaN,NaN
2016-10-01 19:45,NaN,NaN,NaN,NaN,NaN,NaN,NaN
2016-10-01 20:00,NaN,NaN,NaN,NaN,NaN,NaN,NaN
2016-10-01 20:15,NaN,NaN,NaN,NaN,NaN,NaN,NaN
2016-10-01 20:30,NaN,NaN,NaN,NaN,NaN,NaN,NaN
2016-10-01 20:45,NaN,NaN,NaN,NaN,NaN,NaN,NaN
2016-10-01 21:00,NaN,NaN,NaN,NaN,NaN,NaN,NaN
2016-10-01 21:15,NaN,NaN,NaN,NaN,NaN,NaN,NaN
2016-10-01 21:30,NaN,NaN,NaN,NaN,NaN,NaN,NaN
2016-10-01 21:45,NaN,NaN,NaN,NaN,NaN,NaN,NaN
2016-10-01 22:00,NaN,NaN,NaN,NaN,NaN,NaN,NaN
2016-10-01 22:15,NaN,NaN,NaN,NaN,NaN,NaN,NaN
2016-10-01 22:30,NaN,NaN,NaN,NaN,NaN,NaN,NaN
2016-10-01 22:45,NaN,NaN,NaN,NaN,NaN,NaN,NaN
2016-10-01 23:00,NaN,NaN,NaN,NaN,NaN,NaN,NaN
2016-10-01 23:15,NaN,NaN,NaN,NaN,NaN,NaN,NaN
2016-10-01 23:30,NaN,NaN,NaN,NaN,NaN,NaN,NaN
2016-10-01 23:45,NaN,NaN,NaN,NaN,NaN,NaN,NaN
2016-10-02 00:00,NaN,NaN,NaN,NaN,NaN,NaN,NaN
2016-10-02 00:15,NaN,NaN,NaN,NaN,NaN,NaN,NaN
2016-10-02 00:30,NaN,NaN,NaN,NaN,NaN,NaN,NaN
2016-10-02 00:45,NaN,NaN,NaN,NaN,NaN,NaN,NaN
2016-10-02 01:00,NaN,NaN,NaN,NaN,NaN,NaN,NaN
2016-10-02 01:15,NaN,NaN,NaN,NaN,NaN,NaN,NaN
2016-10-02 01:30,NaN,NaN,NaN,NaN,NaN,NaN,NaN
2016-10-02 01:45,NaN,NaN,NaN,NaN,NaN,NaN,NaN
2016-10-02 02:00,NaN,NaN,NaN,NaN,NaN,NaN,NaN
2016-10-02 02:15,NaN,NaN,NaN,NaN,NaN,NaN,NaN
2016-10-02 02:30,NaN,NaN,NaN,NaN,NaN,NaN,NaN
2016-10-02 02:45,NaN,NaN,NaN,NaN,NaN,NaN,NaN
2016-10-02 03:00,NaN,NaN,NaN,NaN,NaN,NaN,NaN
2016-10-02 03:15,NaN,NaN,NaN,NaN,NaN,NaN,NaN
2016-10-02 03:30,NaN,NaN,NaN,NaN,NaN,NaN,NaN
2016-10-02 03:45,NaN,NaN,NaN,NaN,NaN,NaN,NaN
2016-10-02 04:00,NaN,NaN,NaN,NaN,NaN,NaN,NaN
2016-10-02 04:15,NaN,NaN,NaN,NaN,NaN,NaN,NaN
2016-10-02 04:30,NaN,NaN,NaN,NaN,NaN,NaN,NaN
2016-10-02 04:45,NaN,NaN,NaN,NaN,NaN,NaN,NaN
2016-10-02 05:00,NaN,NaN,NaN,NaN,NaN,NaN,NaN
2016-10-02 05:15,NaN,NaN,NaN,NaN,NaN,NaN,NaN
2016-10-02 05:30,NaN,NaN,NaN,NaN,NaN,NaN,NaN
2016-10-02 05:45,NaN,NaN,NaN,NaN,NaN,NaN,NaN
2016-10-02 06:00,NaN,NaN,NaN,NaN,NaN,NaN,NaN
2016-10-02 06:15,NaN,NaN,NaN,NaN,NaN,NaN,NaN
2016-10-02 06:30,NaN,NaN,NaN,NaN,NaN,NaN,NaN
2016-10-02 06:45,NaN,NaN,NaN,NaN,NaN,NaN,NaN
2016-10-02 07:00,NaN,NaN,NaN,NaN,NaN,NaN,NaN
2016-10-02 07:15,NaN,NaN,NaN,NaN,NaN,NaN,NaN
2016-10-02 07:30,NaN,NaN,NaN,NaN,NaN,NaN,NaN
2016-10-02 07:45,NaN,NaN,NaN,NaN,NaN,NaN,NaN
2016-10-02 08:00,NaN,NaN,NaN,NaN,NaN,NaN,NaN
2016-10-02 08:15,NaN,NaN,NaN,NaN,NaN,NaN,NaN
2016-10-02 08:30,NaN,NaN,NaN,NaN,NaN,NaN,NaN
2016-10-02 08:45,NaN,NaN,NaN,NaN,NaN,NaN,NaN
2016-10-02 09:00,NaN,NaN,NaN,NaN,NaN,NaN,NaN
2016-10-02 09:15,NaN,NaN,NaN,NaN,NaN,NaN,NaN
2016-10-02 09:30,NaN,NaN,NaN,NaN,NaN,NaN,NaN
2016-10-02 09:45,NaN,NaN,NaN,NaN,NaN,NaN,NaN
2016-10-02 10:00,NaN,NaN,NaN,NaN,NaN,NaN,NaN
2016-10-02 10:15,NaN,NaN,NaN,NaN,NaN,NaN,NaN
2016-10-02 10:30,NaN,NaN,NaN,NaN,NaN,NaN,NaN
2016-10-02 10:45,NaN,NaN,NaN,NaN,NaN,NaN,NaN
2016-10-02 11:00,NaN,NaN,NaN,NaN,NaN,NaN,NaN
2016-10-02 11:15,NaN,NaN,NaN,NaN,NaN,NaN,NaN
2016-10-02 11:30,NaN,NaN,NaN,NaN,NaN,NaN,NaN
2016-10-02 11:45,NaN,NaN,NaN,NaN,NaN,NaN,NaN
2016-10-02 12:00,NaN,NaN,NaN,NaN,NaN,NaN,NaN
2016-10-02 12:15,NaN,NaN,NaN,NaN,NaN,NaN,NaN
2016-10-02 12:30,NaN,NaN,NaN,NaN,NaN,NaN,NaN
2016-10-02 12:45,NaN,NaN,NaN,NaN,NaN,NaN,NaN
2016-10-02 13:00,NaN,NaN,NaN,NaN,NaN,NaN,NaN
2016-10-02 13:15,NaN,NaN,NaN,NaN,NaN,NaN,NaN
2016-10-02 13:30,NaN,NaN,NaN,NaN,NaN,NaN,NaN
2016-10-02 13:45,NaN,NaN,NaN,NaN,NaN,NaN,NaN
2016-10-02 14:00,NaN,NaN,NaN,NaN,NaN,NaN,NaN
2016-10-02 14:15,NaN,NaN,NaN,NaN,NaN,NaN,NaN
2016-10-02 14:30,NaN,NaN,NaN,NaN,NaN,NaN,NaN
2016-10-02 14:45,NaN,NaN,NaN,NaN,NaN,NaN,NaN
2016-10-02 15:00,NaN,NaN,NaN,NaN,NaN,NaN,NaN
2016-10-02 15:15,NaN,NaN,NaN,NaN,NaN,NaN,NaN
2016-10-02 15:30,NaN,NaN,NaN,NaN,NaN,NaN,NaN
2016-10-02 15:45,NaN,NaN,NaN,NaN,NaN,NaN,NaN
2016-10-02 16:00,NaN,NaN,NaN,NaN,NaN,NaN,NaN
2016-10-02 16:15,NaN,NaN,NaN,NaN,NaN,NaN,NaN
2016-10-02 16:30,NaN,NaN,NaN,NaN,NaN,NaN,NaN
2016-10-02 16:45,NaN,NaN,NaN,NaN,NaN,NaN,NaN
2016-10-02 17:00,NaN,NaN,NaN,NaN,NaN,NaN,NaN
2016-10-02 17:15,NaN,NaN,NaN,NaN,NaN,NaN,NaN
2016-10-02 17:30,NaN,NaN,NaN,NaN,NaN,NaN,NaN
2016-10-02 17:45,NaN,NaN,NaN,NaN,NaN,NaN,NaN
2016-10-02 18:00,NaN,NaN,NaN,NaN,NaN,NaN,NaN
2016-10-02 18:15,NaN,NaN,NaN,NaN,NaN,NaN,NaN
2016-10-02 18:30,NaN,NaN,NaN,NaN,NaN,NaN,NaN
2016-10-02 18:45,NaN,NaN,NaN,NaN,NaN,NaN,NaN
2016-10-02 19:00,NaN,NaN,NaN,NaN,NaN,NaN,NaN
2016-10-02 19:15,NaN,NaN,NaN,NaN,NaN,NaN,NaN
2016-10-02 19:30,NaN,NaN,NaN,NaN,NaN,NaN,NaN
2016-10-02 19:45,NaN,NaN,NaN,NaN,NaN,NaN,NaN
2016-10-02 20:00,NaN,NaN,NaN,NaN,NaN,NaN,NaN
2016-10-02 20:15,NaN,NaN,NaN,NaN,NaN,NaN,NaN
2016-10-02 20:30,NaN,NaN,NaN,NaN,NaN,NaN,NaN
2016-10-02 20:45,NaN,NaN,NaN,NaN,NaN,NaN,NaN
2016-10-02 21:00,NaN,NaN,NaN,NaN,NaN,NaN,NaN
2016-10-02 21:15,NaN,NaN,NaN,NaN,NaN,NaN,NaN
2016-10-02 21:30,NaN,NaN,NaN,NaN,NaN,NaN,NaN
2016-10-02 21:45,NaN,NaN,NaN,NaN,NaN,NaN,NaN
2016-10-02 22:00,NaN,NaN,NaN,NaN,NaN,NaN,NaN
2016-10-02 22:15,NaN,NaN,NaN,NaN,NaN,NaN,NaN
2016-10-02 22:30,NaN,NaN,NaN,NaN,NaN,NaN,NaN
2016-10-02 22:45,NaN,NaN,NaN,NaN,NaN,NaN,NaN
2016-10-02 23:00,NaN,NaN,NaN,NaN,NaN,NaN,NaN
2016-10-02 23:15,NaN,NaN,NaN,NaN,NaN,NaN,NaN
2016-10-02 23:30,NaN,NaN,NaN,NaN,NaN,NaN,NaN
2016-10-02 23:45,NaN,NaN,NaN,NaN,NaN,NaN,NaN
2016-10-03 00:00,NaN,NaN,NaN,NaN,NaN,NaN,NaN
2016-10-03 00:15,NaN,NaN,NaN,NaN,NaN,NaN,NaN
2016-10-03 00:30,NaN,NaN,NaN,NaN,NaN,NaN,NaN
2016-10-03 00:45,NaN,NaN,NaN,NaN,NaN,NaN,NaN
2016-10-03 01:00,NaN,NaN,NaN,NaN,NaN,NaN,NaN
2016-10-03 01:15,NaN,NaN,NaN,NaN,NaN,NaN,NaN
2016-10-03 01:30,NaN,NaN,NaN,NaN,NaN,NaN,NaN
2016-10-03 01:45,NaN,NaN,NaN,NaN,NaN,NaN,NaN
2016-10-03 02:00,NaN,NaN,NaN,NaN,NaN,NaN,NaN
2016-10-03 02:15,NaN,NaN,NaN,NaN,NaN,NaN,NaN
2016-10-03 02:30,NaN,NaN,NaN,NaN,NaN,NaN,NaN
2016-10-03 02:45,NaN,NaN,NaN,NaN,NaN,NaN,NaN
2016-10-03 03:00,NaN,NaN,NaN,NaN,NaN,NaN,NaN
2016-10-03 03:15,NaN,NaN,NaN,NaN,NaN,NaN,NaN
2016-10-03 03:30,NaN,NaN,NaN,NaN,NaN,NaN,NaN
2016-10-03 03:45,NaN,NaN,NaN,NaN,NaN,NaN,NaN
2016-10-03 04:00,NaN,NaN,NaN,NaN,NaN,NaN,NaN
2016-10-03 04:15,NaN,NaN,NaN,NaN,NaN,NaN,NaN
2016-10-03 04:30,NaN,NaN,NaN,NaN,NaN,NaN,NaN
2016-10-03 04:45,NaN,NaN,NaN,NaN,NaN,NaN,NaN
2016-10-03 05:00,NaN,NaN,NaN,NaN,NaN,NaN,NaN
2016-10-03 05:15,NaN,NaN,NaN,NaN,NaN,NaN,NaN
2016-10-03 05:30,NaN,NaN,NaN,NaN,NaN,NaN,NaN
2016-10-03 05:45,NaN,NaN,NaN,NaN,NaN,NaN,NaN
2016-10-03 06:00,NaN,NaN,NaN,NaN,NaN,NaN,NaN
2016-10-03 06:15,NaN,NaN,NaN,NaN,NaN,NaN,NaN
2016-10-03 06:30,NaN,NaN,NaN,NaN,NaN,NaN,NaN
2016-10-03 06:45,NaN,NaN,NaN,NaN,NaN,NaN,NaN
2016-10-03 07:00,NaN,NaN,NaN,NaN,NaN,NaN,NaN
2016-10-03 07:15,NaN,NaN,NaN,NaN,NaN,NaN,NaN
2016-10-03 07:30,NaN,NaN,NaN,NaN,NaN,NaN,NaN
2016-10-03 07:45,NaN,NaN,NaN,NaN,NaN,NaN,NaN
2016-10-03 08:00,NaN,NaN,NaN,NaN,NaN,NaN,NaN
2016-10-03 08:15,NaN,NaN,NaN,NaN,NaN,NaN,NaN
2016-10-03 08:30,NaN,NaN,NaN,NaN,NaN,NaN,NaN
2016-10-03 08:45,NaN,NaN,NaN,NaN,NaN,NaN,NaN
2016-10-03 09:00,NaN,NaN,NaN,NaN,NaN,NaN,NaN
2016-10-03 09:15,NaN,NaN,NaN,NaN,NaN,NaN,NaN
2016-10-03 09:30,NaN,NaN,NaN,NaN,NaN,NaN,NaN
2016-10-03 09:45,NaN,NaN,NaN,NaN,NaN,NaN,NaN
2016-10-03 10:00,NaN,NaN,NaN,NaN,NaN,NaN,NaN
2016-10-03 10:15,NaN,NaN,NaN,NaN,NaN,NaN,NaN
2016-10-03 10:30,NaN,NaN,NaN,NaN,NaN,NaN,NaN
2016-10-03 10:45,NaN,NaN,NaN,NaN,NaN,NaN,NaN
2016-10-03 11:00,NaN,NaN,NaN,NaN,NaN,NaN,NaN
2016-10-03 11:15,NaN,NaN,NaN,NaN,NaN,NaN,NaN
2016-10-03 11:30,NaN,NaN,NaN,NaN,NaN,NaN,NaN
2016-10-03 11:45,NaN,NaN,NaN,NaN,NaN,NaN,NaN
2016-10-03 12:00,NaN,NaN,NaN,NaN,NaN,NaN,NaN
2016-10-03 12:15,NaN,NaN,NaN,NaN,NaN,NaN,NaN
2016-10-03 12:30,NaN,NaN,NaN,NaN,NaN,NaN,NaN
2016-10-03 12:45,NaN,NaN,NaN,NaN,NaN,NaN,NaN
2016-10-03 13:00,NaN,NaN,NaN,NaN,NaN,NaN,NaN
2016-10-03 13:15,NaN,NaN,NaN,NaN,NaN,NaN,NaN
2016-10-03 13:30,NaN,NaN,NaN,NaN,NaN,NaN,NaN
2016-10-03 13:45,NaN,NaN,NaN,NaN,NaN,NaN,NaN
2016-10-03 14:00,NaN,NaN,NaN,NaN,NaN,NaN,NaN
2016-10-03 14:15,NaN,NaN,NaN,NaN,NaN,NaN,NaN
2016-10-03 14:30,NaN,NaN,NaN,NaN,NaN,NaN,NaN
2016-10-03 14:45,NaN,NaN,NaN,NaN,NaN,NaN,NaN
2016-10-03 15:00,NaN,NaN,NaN,NaN,NaN,NaN,NaN
2016-10-03 15:15,NaN,NaN,NaN,NaN,NaN,NaN,NaN
2016-10-03 15:30,NaN,NaN,NaN,NaN,NaN,NaN,NaN
2016-10-03 15:45,NaN,NaN,NaN,NaN,NaN,NaN,NaN
2016-10-03 16:00,NaN,NaN,NaN,NaN,NaN,NaN,NaN
2016-10-03 16:15,NaN,NaN,NaN,NaN,NaN,NaN,NaN
2016-10-03 16:30,NaN,NaN,NaN,NaN,NaN,NaN,NaN
2016-10-03 16:45,NaN,NaN,NaN,NaN,NaN,NaN,NaN
2016-10-03 17:00,NaN,NaN,NaN,NaN,NaN,NaN,NaN
2016-10-03 17:15,NaN,NaN,NaN,NaN,NaN,NaN,NaN
2016-10-03 17:30,NaN,NaN,NaN,NaN,NaN,NaN,NaN
2016-10-03 17:45,NaN,NaN,NaN,NaN,NaN,NaN,NaN
2016-10-03 18:00,NaN,NaN,NaN,NaN,NaN,NaN,NaN
2016-10-03 18:15,NaN,NaN,NaN,NaN,NaN,NaN,NaN
2016-10-03 18:30,NaN,NaN,NaN,NaN,NaN,NaN,NaN
2016-10-03 18:45,NaN,NaN,NaN,NaN,NaN,NaN,NaN
2016-10-03 19:00,NaN,NaN,NaN,NaN,NaN,NaN,NaN
2016-10-03 19:15,NaN,NaN,NaN,NaN,NaN,NaN,NaN
2016-10-03 19:30,NaN,NaN,NaN,NaN,NaN,NaN,NaN
2016-10-03 19:45,NaN,NaN,NaN,NaN,NaN,NaN,NaN
2016-10-03 20:00,NaN,NaN,NaN,NaN,NaN,NaN,NaN
2016-10-03 20:15,NaN,NaN,NaN,NaN,NaN,NaN,NaN
2016-10-03 20:30,NaN,NaN,NaN,NaN,NaN,NaN,NaN
2016-10-03 20:45,NaN,NaN,NaN,NaN,NaN,NaN,NaN
2016-10-03 21:00,NaN,NaN,NaN,NaN,NaN,NaN,NaN
2016-10-03 21:15,NaN,NaN,NaN,NaN,NaN,NaN,NaN
2016-10-03 21:30,NaN,NaN,NaN,NaN,NaN,NaN,NaN
2016-10-03 21:45,NaN,NaN,NaN,NaN,NaN,NaN,NaN
2016-10-03 22:00,NaN,NaN,NaN,NaN,NaN,NaN,NaN
2016-10-03 22:15,NaN,NaN,NaN,NaN,NaN,NaN,NaN
2016-10-03 22:30,NaN,NaN,NaN,NaN,NaN,NaN,NaN
2016-10-03 22:45,NaN,NaN,NaN,NaN,NaN,NaN,NaN
2016-10-03 23:00,NaN,NaN,NaN,NaN,NaN,NaN,NaN
2016-10-03 23:15,NaN,NaN,NaN,NaN,NaN,NaN,NaN
2016-10-03 23:30,NaN,NaN,NaN,NaN,NaN,NaN,NaN
2016-10-03 23:45,NaN,NaN,NaN,NaN,NaN,NaN,NaN
2016-10-04 00:00,NaN,NaN,NaN,NaN,NaN,NaN,NaN
2016-10-04 00:15,NaN,NaN,NaN,NaN,NaN,NaN,NaN
2016-10-04 00:30,NaN,NaN,NaN,NaN,NaN,NaN,NaN
2016-10-04 00:45,NaN,NaN,NaN,NaN,NaN,NaN,NaN
2016-10-04 01:00,NaN,NaN,NaN,NaN,NaN,NaN,NaN
2016-10-04 01:15,NaN,NaN,NaN,NaN,NaN,NaN,NaN
2016-10-04 01:30,NaN,NaN,NaN,NaN,NaN,NaN,NaN
2016-10-04 01:45,NaN,NaN,NaN,NaN,NaN,NaN,NaN
2016-10-04 02:00,NaN,NaN,NaN,NaN,NaN,NaN,NaN
2016-10-04 02:15,NaN,NaN,NaN,NaN,NaN,NaN,NaN
2016-10-04 02:30,NaN,NaN,NaN,NaN,NaN,NaN,NaN
2016-10-04 02:45,NaN,NaN,NaN,NaN,NaN,NaN,NaN
2016-10-04 03:00,NaN,NaN,NaN,NaN,NaN,NaN,NaN
2016-10-04 03:15,NaN,NaN,NaN,NaN,NaN,NaN,NaN
2016-10-04 03:30,NaN,NaN,NaN,NaN,NaN,NaN,NaN
2016-10-04 03:45,NaN,NaN,NaN,NaN,NaN,NaN,NaN
2016-10-04 04:00,NaN,NaN,NaN,NaN,NaN,NaN,NaN
2016-10-04 04:15,NaN,NaN,NaN,NaN,NaN,NaN,NaN
2016-10-04 04:30,NaN,NaN,NaN,NaN,NaN,NaN,NaN
2016-10-04 04:45,NaN,NaN,NaN,NaN,NaN,NaN,NaN
2016-10-04 05:00,NaN,NaN,NaN,NaN,NaN,NaN,NaN
2016-10-04 05:15,NaN,NaN,NaN,NaN,NaN,NaN,NaN
2016-10-04 05:30,NaN,NaN,NaN,NaN,NaN,NaN,NaN
2016-10-04 05:45,NaN,NaN,NaN,NaN,NaN,NaN,NaN
2016-10-04 06:00,NaN,NaN,NaN,NaN,NaN,NaN,NaN
2016-10-04 06:15,NaN,NaN,NaN,NaN,NaN,NaN,NaN
2016-10-04 06:30,NaN,NaN,NaN,NaN,NaN,NaN,NaN
2016-10-04 06:45,NaN,NaN,NaN,NaN,NaN,NaN,NaN
2016-10-04 07:00,NaN,NaN,NaN,NaN,NaN,NaN,NaN
2016-10-04 07:15,NaN,NaN,NaN,NaN,NaN,NaN,NaN
2016-10-04 07:30,NaN,NaN,NaN,NaN,NaN,NaN,NaN
2016-10-04 07:45,NaN,NaN,NaN,NaN,NaN,NaN,NaN
2016-10-04 08:00,NaN,NaN,NaN,NaN,NaN,NaN,NaN
2016-10-04 08:15,NaN,NaN,NaN,NaN,NaN,NaN,NaN
2016-10-04 08:30,NaN,NaN,NaN,NaN,NaN,NaN,NaN
2016-10-04 08:45,NaN,NaN,NaN,NaN,NaN,NaN,NaN
2016-10-04 09:00,NaN,NaN,NaN,NaN,NaN,NaN,NaN
2016-10-04 09:15,NaN,NaN,NaN,NaN,NaN,NaN,NaN
2016-10-04 09:30,NaN,NaN,NaN,NaN,NaN,NaN,NaN
2016-10-04 09:45,NaN,NaN,NaN,NaN,NaN,NaN,NaN
2016-10-04 10:00,NaN,NaN,NaN,NaN,NaN,NaN,NaN
2016-10-04 10:15,NaN,NaN,NaN,NaN,NaN,NaN,NaN
2016-10-04 10:30,NaN,NaN,NaN,NaN,NaN,NaN,NaN
2016-10-04 10:45,NaN,NaN,NaN,NaN,NaN,NaN,NaN
2016-10-04 11:00,NaN,NaN,NaN,NaN,NaN,NaN,NaN
2016-10-04 11:15,NaN,NaN,NaN,NaN,NaN,NaN,NaN
2016-10-04 11:30,NaN,NaN,NaN,NaN,NaN,NaN,NaN
2016-10-04 11:45,NaN,NaN,NaN,NaN,NaN,NaN,NaN
2016-10-04 12:00,NaN,NaN,NaN,NaN,NaN,NaN,NaN
2016-10-04 12:15,NaN,NaN,NaN,NaN,NaN,NaN,NaN
2016-10-04 12:30,NaN,NaN,NaN,NaN,NaN,NaN,NaN
2016-10-04 12:45,NaN,NaN,NaN,NaN,NaN,NaN,NaN
2016-10-04 13:00,NaN,NaN,NaN,NaN,NaN,NaN,NaN
2016-10-04 13:15,NaN,NaN,NaN,NaN,NaN,NaN,NaN
2016-10-04 13:30,NaN,NaN,NaN,NaN,NaN,NaN,NaN
2016-10-04 13:45,NaN,NaN,NaN,NaN,NaN,NaN,NaN
2016-10-04 14:00,NaN,NaN,NaN,NaN,NaN,NaN,NaN
2016-10-04 14:15,NaN,NaN,NaN,NaN,NaN,NaN,NaN
2016-10-04 14:30,NaN,NaN,NaN,NaN,NaN,NaN,NaN
2016-10-04 14:45,NaN,NaN,NaN,NaN,NaN,NaN,NaN
2016-10-04 15:00,NaN,NaN,NaN,NaN,NaN,NaN,NaN
2016-10-04 15:15,NaN,NaN,NaN,NaN,NaN,NaN,NaN
2016-10-04 15:30,NaN,NaN,NaN,NaN,NaN,NaN,NaN
2016-10-04 15:45,NaN,NaN,NaN,NaN,NaN,NaN,NaN
2016-10-04 16:00,NaN,NaN,NaN,NaN,NaN,NaN,NaN
2016-10-04 16:15,NaN,NaN,NaN,NaN,NaN,NaN,NaN
2016-10-04 16:30,NaN,NaN,NaN,NaN,NaN,NaN,NaN
2016-10-04 16:45,NaN,NaN,NaN,NaN,NaN,NaN,NaN
2016-10-04 17:00,NaN,NaN,NaN,NaN,NaN,NaN,NaN
2016-10-04 17:15,NaN,NaN,NaN,NaN,NaN,NaN,NaN
2016-10-04 17:30,NaN,NaN,NaN,NaN,NaN,NaN,NaN
2016-10-04 17:45,NaN,NaN,NaN,NaN,NaN,NaN,NaN
2016-10-04 18:00,NaN,NaN,NaN,NaN,NaN,NaN,NaN
2016-10-04 18:15,NaN,NaN,NaN,NaN,NaN,NaN,NaN
2016-10-04 18:30,NaN,NaN,NaN,NaN,NaN,NaN,NaN
2016-10-04 18:45,NaN,NaN,NaN,NaN,NaN,NaN,NaN
2016-10-04 19:00,NaN,NaN,NaN,NaN,NaN,NaN,NaN
2016-10-04 19:15,NaN,NaN,NaN,NaN,NaN,NaN,NaN
2016-10-04 19:30,NaN,NaN,NaN,NaN,NaN,NaN,NaN
2016-10-04 19:45,NaN,NaN,NaN,NaN,NaN,NaN,NaN
2016-10-04 20:00,NaN,NaN,NaN,NaN,NaN,NaN,NaN
2016-10-04 20:15,NaN,NaN,NaN,NaN,NaN,NaN,NaN
2016-10-04 20:30,NaN,NaN,NaN,NaN,NaN,NaN,NaN
2016-10-04 20:45,NaN,NaN,NaN,NaN,NaN,NaN,NaN
2016-10-04 21:00,NaN,NaN,NaN,NaN,NaN,NaN,NaN
2016-10-04 21:15,NaN,NaN,NaN,NaN,NaN,NaN,NaN
2016-10-04 21:30,NaN,NaN,NaN,NaN,NaN,NaN,NaN
2016-10-04 21:45,NaN,NaN,NaN,NaN,NaN,NaN,NaN
2016-10-04 22:00,NaN,NaN,NaN,NaN,NaN,NaN,NaN
2016-10-04 22:15,NaN,NaN,NaN,NaN,NaN,NaN,NaN
2016-10-04 22:30,NaN,NaN,NaN,NaN,NaN,NaN,NaN
2016-10-04 22:45,NaN,NaN,NaN,NaN,NaN,NaN,NaN
2016-10-04 23:00,NaN,NaN,NaN,NaN,NaN,NaN,NaN
2016-10-04 23:15,NaN,NaN,NaN,NaN,NaN,NaN,NaN
2016-10-04 23:30,NaN,NaN,NaN,NaN,NaN,NaN,NaN
2016-10-04 23:45,NaN,NaN,NaN,NaN,NaN,NaN,NaN
2016-10-05 00:00,NaN,NaN,NaN,NaN,NaN,NaN,NaN
2016-10-05 00:15,NaN,NaN,NaN,NaN,NaN,NaN,NaN
2016-10-05 00:30,NaN,NaN,NaN,NaN,NaN,NaN,NaN
2016-10-05 00:45,NaN,NaN,NaN,NaN,NaN,NaN,NaN
2016-10-05 01:00,NaN,NaN,NaN,NaN,NaN,NaN,NaN
2016-10-05 01:15,NaN,NaN,NaN,NaN,NaN,NaN,NaN
2016-10-05 01:30,NaN,NaN,NaN,NaN,NaN,NaN,NaN
2016-10-05 01:45,NaN,NaN,NaN,NaN,NaN,NaN,NaN
2016-10-05 02:00,NaN,NaN,NaN,NaN,NaN,NaN,NaN
2016-10-05 02:15,NaN,NaN,NaN,NaN,NaN,NaN,NaN
2016-10-05 02:30,NaN,NaN,NaN,NaN,NaN,NaN,NaN
2016-10-05 02:45,NaN,NaN,NaN,NaN,NaN,NaN,NaN
2016-10-05 03:00,NaN,NaN,NaN,NaN,NaN,NaN,NaN
2016-10-05 03:15,NaN,NaN,NaN,NaN,NaN,NaN,NaN
2016-10-05 03:30,NaN,NaN,NaN,NaN,NaN,NaN,NaN
2016-10-05 03:45,NaN,NaN,NaN,NaN,NaN,NaN,NaN
2016-10-05 04:00,NaN,NaN,NaN,NaN,NaN,NaN,NaN
2016-10-05 04:15,NaN,NaN,NaN,NaN,NaN,NaN,NaN
2016-10-05 04:30,NaN,NaN,NaN,NaN,NaN,NaN,NaN
2016-10-05 04:45,NaN,NaN,NaN,NaN,NaN,NaN,NaN
2016-10-05 05:00,NaN,NaN,NaN,NaN,NaN,NaN,NaN
2016-10-05 05:15,NaN,NaN,NaN,NaN,NaN,NaN,NaN
2016-10-05 05:30,NaN,NaN,NaN,NaN,NaN,NaN,NaN
2016-10-05 05:45,NaN,NaN,NaN,NaN,NaN,NaN,NaN
2016-10-05 06:00,NaN,NaN,NaN,NaN,NaN,NaN,NaN
2016-10-05 06:15,NaN,NaN,NaN,NaN,NaN,NaN,NaN
2016-10-05 06:30,NaN,NaN,NaN,NaN,NaN,NaN,NaN
2016-10-05 06:45,NaN,NaN,NaN,NaN,NaN,NaN,NaN
2016-10-05 07:00,NaN,NaN,NaN,NaN,NaN,NaN,NaN
2016-10-05 07:15,NaN,NaN,NaN,NaN,NaN,NaN,NaN
2016-10-05 07:30,NaN,NaN,NaN,NaN,NaN,NaN,NaN
2016-10-05 07:45,NaN,NaN,NaN,NaN,NaN,NaN,NaN
2016-10-05 08:00,NaN,NaN,NaN,NaN,NaN,NaN,NaN
2016-10-05 08:15,NaN,NaN,NaN,NaN,NaN,NaN,NaN
2016-10-05 08:30,NaN,NaN,NaN,NaN,NaN,NaN,NaN
2016-10-05 08:45,NaN,NaN,NaN,NaN,NaN,NaN,NaN
2016-10-05 09:00,NaN,NaN,NaN,NaN,NaN,NaN,NaN
2016-10-05 09:15,NaN,NaN,NaN,NaN,NaN,NaN,NaN
2016-10-05 09:30,NaN,NaN,NaN,NaN,NaN,NaN,NaN
2016-10-05 09:45,NaN,NaN,NaN,NaN,NaN,NaN,NaN
2016-10-05 10:00,NaN,NaN,NaN,NaN,NaN,NaN,NaN
2016-10-05 10:15,NaN,NaN,NaN,NaN,NaN,NaN,NaN
2016-10-05 10:30,NaN,NaN,NaN,NaN,NaN,NaN,NaN
2016-10-05 10:45,NaN,NaN,NaN,NaN,NaN,NaN,NaN
2016-10-05 11:00,NaN,NaN,NaN,NaN,NaN,NaN,NaN
2016-10-05 11:15,NaN,NaN,NaN,NaN,NaN,NaN,NaN
2016-10-05 11:30,NaN,NaN,NaN,NaN,NaN,NaN,NaN
2016-10-05 11:45,NaN,NaN,NaN,NaN,NaN,NaN,NaN
2016-10-05 12:00,NaN,NaN,NaN,NaN,NaN,NaN,NaN
2016-10-05 12:15,NaN,NaN,NaN,NaN,NaN,NaN,NaN
2016-10-05 12:30,NaN,NaN,NaN,NaN,NaN,NaN,NaN
2016-10-05 12:45,NaN,NaN,NaN,NaN,NaN,NaN,NaN
2016-10-05 13:00,NaN,NaN,NaN,NaN,NaN,NaN,NaN
2016-10-05 13:15,NaN,NaN,NaN,NaN,NaN,NaN,NaN
2016-10-05 13:30,NaN,NaN,NaN,NaN,NaN,NaN,NaN
2016-10-05 13:45,NaN,NaN,NaN,NaN,NaN,NaN,NaN
2016-10-05 14:00,NaN,NaN,NaN,NaN,NaN,NaN,NaN
2016-10-05 14:15,NaN,NaN,NaN,NaN,NaN,NaN,NaN
2016-10-05 14:30,NaN,NaN,NaN,NaN,NaN,NaN,NaN
2016-10-05 14:45,NaN,NaN,NaN,NaN,NaN,NaN,NaN
2016-10-05 15:00,NaN,NaN,NaN,NaN,NaN,NaN,NaN
2016-10-05 15:15,NaN,NaN,NaN,NaN,NaN,NaN,NaN
2016-10-05 15:30,NaN,NaN,NaN,NaN,NaN,NaN,NaN
2016-10-05 15:45,NaN,NaN,NaN,NaN,NaN,NaN,NaN
2016-10-05 16:00,NaN,NaN,NaN,NaN,NaN,NaN,NaN
2016-10-05 16:15,NaN,NaN,NaN,NaN,NaN,NaN,NaN
2016-10-05 16:30,NaN,NaN,NaN,NaN,NaN,NaN,NaN
2016-10-05 16:45,NaN,NaN,NaN,NaN,NaN,NaN,NaN
2016-10-05 17:00,NaN,NaN,NaN,NaN,NaN,NaN,NaN
2016-10-05 17:15,NaN,NaN,NaN,NaN,NaN,NaN,NaN
2016-10-05 17:30,NaN,NaN,NaN,NaN,NaN,NaN,NaN
2016-10-05 17:45,NaN,NaN,NaN,NaN,NaN,NaN,NaN
2016-10-05 18:00,NaN,NaN,NaN,NaN,NaN,NaN,NaN
2016-10-05 18:15,NaN,NaN,NaN,NaN,NaN,NaN,NaN
2016-10-05 18:30,NaN,NaN,NaN,NaN,NaN,NaN,NaN
2016-10-05 18:45,NaN,NaN,NaN,NaN,NaN,NaN,NaN
2016-10-05 19:00,NaN,NaN,NaN,NaN,NaN,NaN,NaN
2016-10-05 19:15,NaN,NaN,NaN,NaN,NaN,NaN,NaN
2016-10-05 19:30,NaN,NaN,NaN,NaN,NaN,NaN,NaN
2016-10-05 19:45,NaN,NaN,NaN,NaN,NaN,NaN,NaN
2016-10-05 20:00,NaN,NaN,NaN,NaN,NaN,NaN,NaN
2016-10-05 20:15,NaN,NaN,NaN,NaN,NaN,NaN,NaN
2016-10-05 20:30,NaN,NaN,NaN,NaN,NaN,NaN,NaN
2016-10-05 20:45,NaN,NaN,NaN,NaN,NaN,NaN,NaN
2016-10-05 21:00,NaN,NaN,NaN,NaN,NaN,NaN,NaN
2016-10-05 21:15,NaN,NaN,NaN,NaN,NaN,NaN,NaN
2016-10-05 21:30,NaN,NaN,NaN,NaN,NaN,NaN,NaN
2016-10-05 21:45,NaN,NaN,NaN,NaN,NaN,NaN,NaN
2016-10-05 22:00,NaN,NaN,NaN,NaN,NaN,NaN,NaN
2016-10-05 22:15,NaN,NaN,NaN,NaN,NaN,NaN,NaN
2016-10-05 22:30,NaN,NaN,NaN,NaN,NaN,NaN,NaN
2016-10-05 22:45,NaN,NaN,NaN,NaN,NaN,NaN,NaN
2016-10-05 23:00,NaN,NaN,NaN,NaN,NaN,NaN,NaN
2016-10-05 23:15,NaN,NaN,NaN,NaN,NaN,NaN,NaN
2016-10-05 23:30,NaN,NaN,NaN,NaN,NaN,NaN,NaN
2016-10-05 23:45,NaN,NaN,NaN,NaN,NaN,NaN,NaN
2016-10-06 00:00,NaN,NaN,NaN,NaN,NaN,NaN,NaN
2016-10-06 00:15,NaN,NaN,NaN,NaN,NaN,NaN,NaN
2016-10-06 00:30,NaN,NaN,NaN,NaN,NaN,NaN,NaN
2016-10-06 00:45,NaN,NaN,NaN,NaN,NaN,NaN,NaN
2016-10-06 01:00,NaN,NaN,NaN,NaN,NaN,NaN,NaN
2016-10-06 01:15,NaN,NaN,NaN,NaN,NaN,NaN,NaN
2016-10-06 01:30,NaN,NaN,NaN,NaN,NaN,NaN,NaN
2016-10-06 01:45,NaN,NaN,NaN,NaN,NaN,NaN,NaN
2016-10-06 02:00,NaN,NaN,NaN,NaN,NaN,NaN,NaN
2016-10-06 02:15,NaN,NaN,NaN,NaN,NaN,NaN,NaN
2016-10-06 02:30,NaN,NaN,NaN,NaN,NaN,NaN,NaN
2016-10-06 02:45,NaN,NaN,NaN,NaN,NaN,NaN,NaN
2016-10-06 03:00,NaN,NaN,NaN,NaN,NaN,NaN,NaN
2016-10-06 03:15,NaN,NaN,NaN,NaN,NaN,NaN,NaN
2016-10-06 03:30,NaN,NaN,NaN,NaN,NaN,NaN,NaN
2016-10-06 03:45,NaN,NaN,NaN,NaN,NaN,NaN,NaN
2016-10-06 04:00,NaN,NaN,NaN,NaN,NaN,NaN,NaN
2016-10-06 04:15,NaN,NaN,NaN,NaN,NaN,NaN,NaN
2016-10-06 04:30,NaN,NaN,NaN,NaN,NaN,NaN,NaN
2016-10-06 04:45,NaN,NaN,NaN,NaN,NaN,NaN,NaN
2016-10-06 05:00,NaN,NaN,NaN,NaN,NaN,NaN,NaN
2016-10-06 05:15,NaN,NaN,NaN,NaN,NaN,NaN,NaN
2016-10-06 05:30,NaN,NaN,NaN,NaN,NaN,NaN,NaN
2016-10-06 05:45,NaN,NaN,NaN,NaN,NaN,NaN,NaN
2016-10-06 06:00,NaN,NaN,NaN,NaN,NaN,NaN,NaN
2016-10-06 06:15,NaN,NaN,NaN,NaN,NaN,NaN,NaN
2016-10-06 06:30,NaN,NaN,NaN,NaN,NaN,NaN,NaN
2016-10-06 06:45,NaN,NaN,NaN,NaN,NaN,NaN,NaN
2016-10-06 07:00,NaN,NaN,NaN,NaN,NaN,NaN,NaN
2016-10-06 07:15,NaN,NaN,NaN,NaN,NaN,NaN,NaN
2016-10-06 07:30,NaN,NaN,NaN,NaN,NaN,NaN,NaN
2016-10-06 07:45,NaN,NaN,NaN,NaN,NaN,NaN,NaN
2016-10-06 08:00,NaN,NaN,NaN,NaN,NaN,NaN,NaN
2016-10-06 08:15,NaN,NaN,NaN,NaN,NaN,NaN,NaN
2016-10-06 08:30,NaN,NaN,NaN,NaN,NaN,NaN,NaN
2016-10-06 08:45,NaN,NaN,NaN,NaN,NaN,NaN,NaN
2016-10-06 09:00,NaN,NaN,NaN,NaN,NaN,NaN,NaN
2016-10-06 09:15,NaN,NaN,NaN,NaN,NaN,NaN,NaN
2016-10-06 09:30,NaN,NaN,NaN,NaN,NaN,NaN,NaN
2016-10-06 09:45,NaN,NaN,NaN,NaN,NaN,NaN,NaN
2016-10-06 10:00,NaN,NaN,NaN,NaN,NaN,NaN,NaN
2016-10-06 10:15,NaN,NaN,NaN,NaN,NaN,NaN,NaN
2016-10-06 10:30,NaN,NaN,NaN,NaN,NaN,NaN,NaN
2016-10-06 10:45,NaN,NaN,NaN,NaN,NaN,NaN,NaN
2016-10-06 11:00,NaN,NaN,NaN,NaN,NaN,NaN,NaN
2016-10-06 11:15,NaN,NaN,NaN,NaN,NaN,NaN,NaN
2016-10-06 11:30,NaN,NaN,NaN,NaN,NaN,NaN,NaN
2016-10-06 11:45,NaN,NaN,NaN,NaN,NaN,NaN,NaN
2016-10-06 12:00,NaN,NaN,NaN,NaN,NaN,NaN,NaN
2016-10-06 12:15,NaN,NaN,NaN,NaN,NaN,NaN,NaN
2016-10-06 12:30,NaN,NaN,NaN,NaN,NaN,NaN,NaN
2016-10-06 12:45,NaN,NaN,NaN,NaN,NaN,NaN,NaN
2016-10-06 13:00,NaN,NaN,NaN,NaN,NaN,NaN,NaN
2016-10-06 13:15,NaN,NaN,NaN,NaN,NaN,NaN,NaN
2016-10-06 13:30,NaN,NaN,NaN,NaN,NaN,NaN,NaN
2016-10-06 13:45,NaN,NaN,NaN,NaN,NaN,NaN,NaN
2016-10-06 14:00,NaN,NaN,NaN,NaN,NaN,NaN,NaN
2016-10-06 14:15,NaN,NaN,NaN,NaN,NaN,NaN,NaN
2016-10-06 14:30,NaN,NaN,NaN,NaN,NaN,NaN,NaN
2016-10-06 14:45,NaN,NaN,NaN,NaN,NaN,NaN,NaN
2016-10-06 15:00,NaN,NaN,NaN,NaN,NaN,NaN,NaN
2016-10-06 15:15,NaN,NaN,NaN,NaN,NaN,NaN,NaN
2016-10-06 15:30,NaN,NaN,NaN,NaN,NaN,NaN,NaN
2016-10-06 15:45,NaN,NaN,NaN,NaN,NaN,NaN,NaN
2016-10-06 16:00,NaN,NaN,NaN,NaN,NaN,NaN,NaN
2016-10-06 16:15,NaN,NaN,NaN,NaN,NaN,NaN,NaN
2016-10-06 16:30,NaN,NaN,NaN,NaN,NaN,NaN,NaN
2016-10-06 16:45,NaN,NaN,NaN,NaN,NaN,NaN,NaN
2016-10-06 17:00,NaN,NaN,NaN,NaN,NaN,NaN,NaN
2016-10-06 17:15,NaN,NaN,NaN,NaN,NaN,NaN,NaN
2016-10-06 17:30,NaN,NaN,NaN,NaN,NaN,NaN,NaN
2016-10-06 17:45,NaN,NaN,NaN,NaN,NaN,NaN,NaN
2016-10-06 18:00,NaN,NaN,NaN,NaN,NaN,NaN,NaN
2016-10-06 18:15,NaN,NaN,NaN,NaN,NaN,NaN,NaN
2016-10-06 18:30,NaN,NaN,NaN,NaN,NaN,NaN,NaN
2016-10-06 18:45,NaN,NaN,NaN,NaN,NaN,NaN,NaN
2016-10-06 19:00,NaN,NaN,NaN,NaN,NaN,NaN,NaN
2016-10-06 19:15,NaN,NaN,NaN,NaN,NaN,NaN,NaN
2016-10-06 19:30,NaN,NaN,NaN,NaN,NaN,NaN,NaN
2016-10-06 19:45,NaN,NaN,NaN,NaN,NaN,NaN,NaN
2016-10-06 20:00,NaN,NaN,NaN,NaN,NaN,NaN,NaN
2016-10-06 20:15,NaN,NaN,NaN,NaN,NaN,NaN,NaN
2016-10-06 20:30,NaN,NaN,NaN,NaN,NaN,NaN,NaN
2016-10-06 20:45,NaN,NaN,NaN,NaN,NaN,NaN,NaN
2016-10-06 21:00,NaN,NaN,NaN,NaN,NaN,NaN,NaN
2016-10-06 21:15,NaN,NaN,NaN,NaN,NaN,NaN,NaN
2016-10-06 21:30,NaN,NaN,NaN,NaN,NaN,NaN,NaN
2016-10-06 21:45,NaN,NaN,NaN,NaN,NaN,NaN,NaN
2016-10-06 22:00,NaN,NaN,NaN,NaN,NaN,NaN,NaN
2016-10-06 22:15,NaN,NaN,NaN,NaN,NaN,NaN,NaN
2016-10-06 22:30,NaN,NaN,NaN,NaN,NaN,NaN,NaN
2016-10-06 22:45,NaN,NaN,NaN,NaN,NaN,NaN,NaN
2016-10-06 23:00,NaN,NaN,NaN,NaN,NaN,NaN,NaN
2016-10-06 23:15,NaN,NaN,NaN,NaN,NaN,NaN,NaN
2016-10-06 23:30,NaN,NaN,NaN,NaN,NaN,NaN,NaN
2016-10-06 23:45,NaN,NaN,NaN,NaN,NaN,NaN,NaN
2016-10-07 00:00,NaN,NaN,NaN,NaN,NaN,NaN,NaN
2016-10-07 00:15,NaN,NaN,NaN,NaN,NaN,NaN,NaN
2016-10-07 00:30,NaN,NaN,NaN,NaN,NaN,NaN,NaN
2016-10-07 00:45,NaN,NaN,NaN,NaN,NaN,NaN,NaN
2016-10-07 01:00,NaN,NaN,NaN,NaN,NaN,NaN,NaN
2016-10-07 01:15,NaN,NaN,NaN,NaN,NaN,NaN,NaN
2016-10-07 01:30,NaN,NaN,NaN,NaN,NaN,NaN,NaN
2016-10-07 01:45,NaN,NaN,NaN,NaN,NaN,NaN,NaN
2016-10-07 02:00,NaN,NaN,NaN,NaN,NaN,NaN,NaN
2016-10-07 02:15,NaN,NaN,NaN,NaN,NaN,NaN,NaN
2016-10-07 02:30,NaN,NaN,NaN,NaN,NaN,NaN,NaN
2016-10-07 02:45,NaN,NaN,NaN,NaN,NaN,NaN,NaN
2016-10-07 03:00,NaN,NaN,NaN,NaN,NaN,NaN,NaN
2016-10-07 03:15,NaN,NaN,NaN,NaN,NaN,NaN,NaN
2016-10-07 03:30,NaN,NaN,NaN,NaN,NaN,NaN,NaN
2016-10-07 03:45,NaN,NaN,NaN,NaN,NaN,NaN,NaN
2016-10-07 04:00,NaN,NaN,NaN,NaN,NaN,NaN,NaN
2016-10-07 04:15,NaN,NaN,NaN,NaN,NaN,NaN,NaN
2016-10-07 04:30,NaN,NaN,NaN,NaN,NaN,NaN,NaN
2016-10-07 04:45,NaN,NaN,NaN,NaN,NaN,NaN,NaN
2016-10-07 05:00,NaN,NaN,NaN,NaN,NaN,NaN,NaN
2016-10-07 05:15,NaN,NaN,NaN,NaN,NaN,NaN,NaN
2016-10-07 05:30,NaN,NaN,NaN,NaN,NaN,NaN,NaN
2016-10-07 05:45,NaN,NaN,NaN,NaN,NaN,NaN,NaN
2016-10-07 06:00,NaN,NaN,NaN,NaN,NaN,NaN,NaN
2016-10-07 06:15,NaN,NaN,NaN,NaN,NaN,NaN,NaN
2016-10-07 06:30,NaN,NaN,NaN,NaN,NaN,NaN,NaN
2016-10-07 06:45,NaN,NaN,NaN,NaN,NaN,NaN,NaN
2016-10-07 07:00,NaN,NaN,NaN,NaN,NaN,NaN,NaN
2016-10-07 07:15,NaN,NaN,NaN,NaN,NaN,NaN,NaN
2016-10-07 07:30,NaN,NaN,NaN,NaN,NaN,NaN,NaN
2016-10-07 07:45,NaN,NaN,NaN,NaN,NaN,NaN,NaN
2016-10-07 08:00,NaN,NaN,NaN,NaN,NaN,NaN,NaN
2016-10-07 08:15,NaN,NaN,NaN,NaN,NaN,NaN,NaN
2016-10-07 08:30,NaN,NaN,NaN,NaN,NaN,NaN,NaN
2016-10-07 08:45,NaN,NaN,NaN,NaN,NaN,NaN,NaN
2016-10-07 09:00,NaN,NaN,NaN,NaN,NaN,NaN,NaN
2016-10-07 09:15,NaN,NaN,NaN,NaN,NaN,NaN,NaN
2016-10-07 09:30,NaN,NaN,NaN,NaN,NaN,NaN,NaN
2016-10-07 09:45,NaN,NaN,NaN,NaN,NaN,NaN,NaN
2016-10-07 10:00,NaN,NaN,NaN,NaN,NaN,NaN,NaN
2016-10-07 10:15,NaN,NaN,NaN,NaN,NaN,NaN,NaN
2016-10-07 10:30,NaN,NaN,NaN,NaN,NaN,NaN,NaN
2016-10-07 10:45,NaN,NaN,NaN,NaN,NaN,NaN,NaN
2016-10-07 11:00,NaN,NaN,NaN,NaN,NaN,NaN,NaN
2016-10-07 11:15,NaN,NaN,NaN,NaN,NaN,NaN,NaN
2016-10-07 11:30,NaN,NaN,NaN,NaN,NaN,NaN,NaN
2016-10-07 11:45,NaN,NaN,NaN,NaN,NaN,NaN,NaN
2016-10-07 12:00,NaN,NaN,NaN,NaN,NaN,NaN,NaN
2016-10-07 12:15,NaN,NaN,NaN,NaN,NaN,NaN,NaN
2016-10-07 12:30,NaN,NaN,NaN,NaN,NaN,NaN,NaN
2016-10-07 12:45,NaN,NaN,NaN,NaN,NaN,NaN,NaN
2016-10-07 13:00,NaN,NaN,NaN,NaN,NaN,NaN,NaN
2016-10-07 13:15,NaN,NaN,NaN,NaN,NaN,NaN,NaN
2016-10-07 13:30,NaN,NaN,NaN,NaN,NaN,NaN,NaN
2016-10-07 13:45,NaN,NaN,NaN,NaN,NaN,NaN,NaN
2016-10-07 14:00,NaN,NaN,NaN,NaN,NaN,NaN,NaN
2016-10-07 14:15,NaN,NaN,NaN,NaN,NaN,NaN,NaN
2016-10-07 14:30,NaN,NaN,NaN,NaN,NaN,NaN,NaN
2016-10-07 14:45,NaN,NaN,NaN,NaN,NaN,NaN,NaN
2016-10-07 15:00,NaN,NaN,NaN,NaN,NaN,NaN,NaN
2016-10-07 15:15,NaN,NaN,NaN,NaN,NaN,NaN,NaN
2016-10-07 15:30,NaN,NaN,NaN,NaN,NaN,NaN,NaN
2016-10-07 15:45,NaN,NaN,NaN,NaN,NaN,NaN,NaN
2016-10-07 16:00,NaN,NaN,NaN,NaN,NaN,NaN,NaN
2016-10-07 16:15,NaN,NaN,NaN,NaN,NaN,NaN,NaN
2016-10-07 16:30,NaN,NaN,NaN,NaN,NaN,NaN,NaN
2016-10-07 16:45,NaN,NaN,NaN,NaN,NaN,NaN,NaN
2016-10-07 17:00,NaN,NaN,NaN,NaN,NaN,NaN,NaN
2016-10-07 17:15,NaN,NaN,NaN,NaN,NaN,NaN,NaN
2016-10-07 17:30,NaN,NaN,NaN,NaN,NaN,NaN,NaN
2016-10-07 17:45,NaN,NaN,NaN,NaN,NaN,NaN,NaN
2016-10-07 18:00,NaN,NaN,NaN,NaN,NaN,NaN,NaN
2016-10-07 18:15,NaN,NaN,NaN,NaN,NaN,NaN,NaN
2016-10-07 18:30,NaN,NaN,NaN,NaN,NaN,NaN,NaN
2016-10-07 18:45,NaN,NaN,NaN,NaN,NaN,NaN,NaN
2016-10-07 19:00,NaN,NaN,NaN,NaN,NaN,NaN,NaN
2016-10-07 19:15,NaN,NaN,NaN,NaN,NaN,NaN,NaN
2016-10-07 19:30,NaN,NaN,NaN,NaN,NaN,NaN,NaN
2016-10-07 19:45,NaN,NaN,NaN,NaN,NaN,NaN,NaN
2016-10-07 20:00,NaN,NaN,NaN,NaN,NaN,NaN,NaN
2016-10-07 20:15,NaN,NaN,NaN,NaN,NaN,NaN,NaN
2016-10-07 20:30,NaN,NaN,NaN,NaN,NaN,NaN,NaN
2016-10-07 20:45,NaN,NaN,NaN,NaN,NaN,NaN,NaN
2016-10-07 21:00,NaN,NaN,NaN,NaN,NaN,NaN,NaN
2016-10-07 21:15,NaN,NaN,NaN,NaN,NaN,NaN,NaN
2016-10-07 21:30,NaN,NaN,NaN,NaN,NaN,NaN,NaN
2016-10-07 21:45,NaN,NaN,NaN,NaN,NaN,NaN,NaN
2016-10-07 22:00,NaN,NaN,NaN,NaN,NaN,NaN,NaN
2016-10-07 22:15,NaN,NaN,NaN,NaN,NaN,NaN,NaN
2016-10-07 22:30,NaN,NaN,NaN,NaN,NaN,NaN,NaN
2016-10-07 22:45,NaN,NaN,NaN,NaN,NaN,NaN,NaN
2016-10-07 23:00,NaN,NaN,NaN,NaN,NaN,NaN,NaN
2016-10-07 23:15,NaN,NaN,NaN,NaN,NaN,NaN,NaN
2016-10-07 23:30,NaN,NaN,NaN,NaN,NaN,NaN,NaN
2016-10-07 23:45,NaN,NaN,NaN,NaN,NaN,NaN,NaN
2016-10-08 00:00,NaN,NaN,NaN,NaN,NaN,NaN,NaN
2016-10-08 00:15,NaN,NaN,NaN,NaN,NaN,NaN,NaN
2016-10-08 00:30,NaN,NaN,NaN,NaN,NaN,NaN,NaN
2016-10-08 00:45,NaN,NaN,NaN,NaN,NaN,NaN,NaN
2016-10-08 01:00,NaN,NaN,NaN,NaN,NaN,NaN,NaN
2016-10-08 01:15,NaN,NaN,NaN,NaN,NaN,NaN,NaN
2016-10-08 01:30,NaN,NaN,NaN,NaN,NaN,NaN,NaN
2016-10-08 01:45,NaN,NaN,NaN,NaN,NaN,NaN,NaN
2016-10-08 02:00,NaN,NaN,NaN,NaN,NaN,NaN,NaN
2016-10-08 02:15,NaN,NaN,NaN,NaN,NaN,NaN,NaN
2016-10-08 02:30,NaN,NaN,NaN,NaN,NaN,NaN,NaN
2016-10-08 02:45,NaN,NaN,NaN,NaN,NaN,NaN,NaN
2016-10-08 03:00,NaN,NaN,NaN,NaN,NaN,NaN,NaN
2016-10-08 03:15,NaN,NaN,NaN,NaN,NaN,NaN,NaN
2016-10-08 03:30,NaN,NaN,NaN,NaN,NaN,NaN,NaN
2016-10-08 03:45,NaN,NaN,NaN,NaN,NaN,NaN,NaN
2016-10-08 04:00,NaN,NaN,NaN,NaN,NaN,NaN,NaN
2016-10-08 04:15,NaN,NaN,NaN,NaN,NaN,NaN,NaN
2016-10-08 04:30,NaN,NaN,NaN,NaN,NaN,NaN,NaN
2016-10-08 04:45,NaN,NaN,NaN,NaN,NaN,NaN,NaN
2016-10-08 05:00,NaN,NaN,NaN,NaN,NaN,NaN,NaN
2016-10-08 05:15,NaN,NaN,NaN,NaN,NaN,NaN,NaN
2016-10-08 05:30,NaN,NaN,NaN,NaN,NaN,NaN,NaN
2016-10-08 05:45,NaN,NaN,NaN,NaN,NaN,NaN,NaN
2016-10-08 06:00,NaN,NaN,NaN,NaN,NaN,NaN,NaN
2016-10-08 06:15,NaN,NaN,NaN,NaN,NaN,NaN,NaN
2016-10-08 06:30,NaN,NaN,NaN,NaN,NaN,NaN,NaN
2016-10-08 06:45,NaN,NaN,NaN,NaN,NaN,NaN,NaN
2016-10-08 07:00,NaN,NaN,NaN,NaN,NaN,NaN,NaN
2016-10-08 07:15,NaN,NaN,NaN,NaN,NaN,NaN,NaN
2016-10-08 07:30,NaN,NaN,NaN,NaN,NaN,NaN,NaN
2016-10-08 07:45,NaN,NaN,NaN,NaN,NaN,NaN,NaN
2016-10-08 08:00,NaN,NaN,NaN,NaN,NaN,NaN,NaN
2016-10-08 08:15,NaN,NaN,NaN,NaN,NaN,NaN,NaN
2016-10-08 08:30,NaN,NaN,NaN,NaN,NaN,NaN,NaN
2016-10-08 08:45,NaN,NaN,NaN,NaN,NaN,NaN,NaN
2016-10-08 09:00,NaN,NaN,NaN,NaN,NaN,NaN,NaN
2016-10-08 09:15,NaN,NaN,NaN,NaN,NaN,NaN,NaN
2016-10-08 09:30,NaN,NaN,NaN,NaN,NaN,NaN,NaN
2016-10-08 09:45,NaN,NaN,NaN,NaN,NaN,NaN,NaN
2016-10-08 10:00,NaN,NaN,NaN,NaN,NaN,NaN,NaN
2016-10-08 10:15,NaN,NaN,NaN,NaN,NaN,NaN,NaN
2016-10-08 10:30,NaN,NaN,NaN,NaN,NaN,NaN,NaN
2016-10-08 10:45,NaN,NaN,NaN,NaN,NaN,NaN,NaN
2016-10-08 11:00,NaN,NaN,NaN,NaN,NaN,NaN,NaN
2016-10-08 11:15,NaN,NaN,NaN,NaN,NaN,NaN,NaN
2016-10-08 11:30,NaN,NaN,NaN,NaN,NaN,NaN,NaN
2016-10-08 11:45,NaN,NaN,NaN,NaN,NaN,NaN,NaN
2016-10-08 12:00,NaN,NaN,NaN,NaN,NaN,NaN,NaN
2016-10-08 12:15,NaN,NaN,NaN,NaN,NaN,NaN,NaN
2016-10-08 12:30,NaN,NaN,NaN,NaN,NaN,NaN,NaN
2016-10-08 12:45,NaN,NaN,NaN,NaN,NaN,NaN,NaN
2016-10-08 13:00,NaN,NaN,NaN,NaN,NaN,NaN,NaN
2016-10-08 13:15,NaN,NaN,NaN,NaN,NaN,NaN,NaN
2016-10-08 13:30,NaN,NaN,NaN,NaN,NaN,NaN,NaN
2016-10-08 13:45,NaN,NaN,NaN,NaN,NaN,NaN,NaN
2016-10-08 14:00,NaN,NaN,NaN,NaN,NaN,NaN,NaN
2016-10-08 14:15,NaN,NaN,NaN,NaN,NaN,NaN,NaN
2016-10-08 14:30,NaN,NaN,NaN,NaN,NaN,NaN,NaN
2016-10-08 14:45,NaN,NaN,NaN,NaN,NaN,NaN,NaN
2016-10-08 15:00,NaN,NaN,NaN,NaN,NaN,NaN,NaN
2016-10-08 15:15,NaN,NaN,NaN,NaN,NaN,NaN,NaN
2016-10-08 15:30,NaN,NaN,NaN,NaN,NaN,NaN,NaN
2016-10-08 15:45,NaN,NaN,NaN,NaN,NaN,NaN,NaN
2016-10-08 16:00,NaN,NaN,NaN,NaN,NaN,NaN,NaN
2016-10-08 16:15,NaN,NaN,NaN,NaN,NaN,NaN,NaN
2016-10-08 16:30,NaN,NaN,NaN,NaN,NaN,NaN,NaN
2016-10-08 16:45,NaN,NaN,NaN,NaN,NaN,NaN,NaN
2016-10-08 17:00,NaN,NaN,NaN,NaN,NaN,NaN,NaN
2016-10-08 17:15,NaN,NaN,NaN,NaN,NaN,NaN,NaN
2016-10-08 17:30,NaN,NaN,NaN,NaN,NaN,NaN,NaN
2016-10-08 17:45,NaN,NaN,NaN,NaN,NaN,NaN,NaN
2016-10-08 18:00,NaN,NaN,NaN,NaN,NaN,NaN,NaN
2016-10-08 18:15,NaN,NaN,NaN,NaN,NaN,NaN,NaN
2016-10-08 18:30,NaN,NaN,NaN,NaN,NaN,NaN,NaN
2016-10-08 18:45,NaN,NaN,NaN,NaN,NaN,NaN,NaN
2016-10-08 19:00,NaN,NaN,NaN,NaN,NaN,NaN,NaN
2016-10-08 19:15,NaN,NaN,NaN,NaN,NaN,NaN,NaN
2016-10-08 19:30,NaN,NaN,NaN,NaN,NaN,NaN,NaN
2016-10-08 19:45,NaN,NaN,NaN,NaN,NaN,NaN,NaN
2016-10-08 20:00,NaN,NaN,NaN,NaN,NaN,NaN,NaN
2016-10-08 20:15,NaN,NaN,NaN,NaN,NaN,NaN,NaN
2016-10-08 20:30,NaN,NaN,NaN,NaN,NaN,NaN,NaN
2016-10-08 20:45,NaN,NaN,NaN,NaN,NaN,NaN,NaN
2016-10-08 21:00,NaN,NaN,NaN,NaN,NaN,NaN,NaN
2016-10-08 21:15,NaN,NaN,NaN,NaN,NaN,NaN,NaN
2016-10-08 21:30,NaN,NaN,NaN,NaN,NaN,NaN,NaN
2016-10-08 21:45,NaN,NaN,NaN,NaN,NaN,NaN,NaN
2016-10-08 22:00,NaN,NaN,NaN,NaN,NaN,NaN,NaN
2016-10-08 22:15,NaN,NaN,NaN,NaN,NaN,NaN,NaN
2016-10-08 22:30,NaN,NaN,NaN,NaN,NaN,NaN,NaN
2016-10-08 22:45,NaN,NaN,NaN,NaN,NaN,NaN,NaN
2016-10-08 23:00,NaN,NaN,NaN,NaN,NaN,NaN,NaN
2016-10-08 23:15,NaN,NaN,NaN,NaN,NaN,NaN,NaN
2016-10-08 23:30,NaN,NaN,NaN,NaN,NaN,NaN,NaN
2016-10-08 23:45,NaN,NaN,NaN,NaN,NaN,NaN,NaN
2016-10-09 00:00,NaN,NaN,NaN,NaN,NaN,NaN,NaN
2016-10-09 00:15,NaN,NaN,NaN,NaN,NaN,NaN,NaN
2016-10-09 00:30,NaN,NaN,NaN,NaN,NaN,NaN,NaN
2016-10-09 00:45,NaN,NaN,NaN,NaN,NaN,NaN,NaN
2016-10-09 01:00,NaN,NaN,NaN,NaN,NaN,NaN,NaN
2016-10-09 01:15,NaN,NaN,NaN,NaN,NaN,NaN,NaN
2016-10-09 01:30,NaN,NaN,NaN,NaN,NaN,NaN,NaN
2016-10-09 01:45,NaN,NaN,NaN,NaN,NaN,NaN,NaN
2016-10-09 02:00,NaN,NaN,NaN,NaN,NaN,NaN,NaN
2016-10-09 02:15,NaN,NaN,NaN,NaN,NaN,NaN,NaN
2016-10-09 02:30,NaN,NaN,NaN,NaN,NaN,NaN,NaN
2016-10-09 02:45,NaN,NaN,NaN,NaN,NaN,NaN,NaN
2016-10-09 03:00,NaN,NaN,NaN,NaN,NaN,NaN,NaN
2016-10-09 03:15,NaN,NaN,NaN,NaN,NaN,NaN,NaN
2016-10-09 03:30,NaN,NaN,NaN,NaN,NaN,NaN,NaN
2016-10-09 03:45,NaN,NaN,NaN,NaN,NaN,NaN,NaN
2016-10-09 04:00,NaN,NaN,NaN,NaN,NaN,NaN,NaN
2016-10-09 04:15,NaN,NaN,NaN,NaN,NaN,NaN,NaN
2016-10-09 04:30,NaN,NaN,NaN,NaN,NaN,NaN,NaN
2016-10-09 04:45,NaN,NaN,NaN,NaN,NaN,NaN,NaN
2016-10-09 05:00,NaN,NaN,NaN,NaN,NaN,NaN,NaN
2016-10-09 05:15,NaN,NaN,NaN,NaN,NaN,NaN,NaN
2016-10-09 05:30,NaN,NaN,NaN,NaN,NaN,NaN,NaN
2016-10-09 05:45,NaN,NaN,NaN,NaN,NaN,NaN,NaN
2016-10-09 06:00,NaN,NaN,NaN,NaN,NaN,NaN,NaN
2016-10-09 06:15,NaN,NaN,NaN,NaN,NaN,NaN,NaN
2016-10-09 06:30,NaN,NaN,NaN,NaN,NaN,NaN,NaN
2016-10-09 06:45,NaN,NaN,NaN,NaN,NaN,NaN,NaN
2016-10-09 07:00,NaN,NaN,NaN,NaN,NaN,NaN,NaN
2016-10-09 07:15,NaN,NaN,NaN,NaN,NaN,NaN,NaN
2016-10-09 07:30,NaN,NaN,NaN,NaN,NaN,NaN,NaN
2016-10-09 07:45,NaN,NaN,NaN,NaN,NaN,NaN,NaN
2016-10-09 08:00,NaN,NaN,NaN,NaN,NaN,NaN,NaN
2016-10-09 08:15,NaN,NaN,NaN,NaN,NaN,NaN,NaN
2016-10-09 08:30,NaN,NaN,NaN,NaN,NaN,NaN,NaN
2016-10-09 08:45,NaN,NaN,NaN,NaN,NaN,NaN,NaN
2016-10-09 09:00,NaN,NaN,NaN,NaN,NaN,NaN,NaN
2016-10-09 09:15,NaN,NaN,NaN,NaN,NaN,NaN,NaN
2016-10-09 09:30,NaN,NaN,NaN,NaN,NaN,NaN,NaN
2016-10-09 09:45,NaN,NaN,NaN,NaN,NaN,NaN,NaN
2016-10-09 10:00,NaN,NaN,NaN,NaN,NaN,NaN,NaN
2016-10-09 10:15,NaN,NaN,NaN,NaN,NaN,NaN,NaN
2016-10-09 10:30,NaN,NaN,NaN,NaN,NaN,NaN,NaN
2016-10-09 10:45,NaN,NaN,NaN,NaN,NaN,NaN,NaN
2016-10-09 11:00,NaN,NaN,NaN,NaN,NaN,NaN,NaN
2016-10-09 11:15,NaN,NaN,NaN,NaN,NaN,NaN,NaN
2016-10-09 11:30,NaN,NaN,NaN,NaN,NaN,NaN,NaN
2016-10-09 11:45,NaN,NaN,NaN,NaN,NaN,NaN,NaN
2016-10-09 12:00,NaN,NaN,NaN,NaN,NaN,NaN,NaN
