date,est,q10,q90
18-Sep-2016 12:00:00,NaN,NaN,NaN
18-Sep-2016 12:15:00,NaN,NaN,NaN
18-Sep-2016 12:30:00,NaN,NaN,NaN
18-Sep-2016 12:45:00,NaN,NaN,NaN
18-Sep-2016 13:00:00,NaN,NaN,NaN
18-Sep-2016 13:15:00,NaN,NaN,NaN
18-Sep-2016 13:30:00,NaN,NaN,NaN
18-Sep-2016 13:45:00,NaN,NaN,NaN
18-Sep-2016 14:00:00,NaN,NaN,NaN
18-Sep-2016 14:15:00,NaN,NaN,NaN
18-Sep-2016 14:30:00,NaN,NaN,NaN
18-Sep-2016 14:45:00,NaN,NaN,NaN
18-Sep-2016 15:00:00,NaN,NaN,NaN
18-Sep-2016 15:15:00,NaN,NaN,NaN
18-Sep-2016 15:30:00,NaN,NaN,NaN
18-Sep-2016 15:45:00,NaN,NaN,NaN
18-Sep-2016 16:00:00,NaN,NaN,NaN
18-Sep-2016 16:15:00,NaN,NaN,NaN
18-Sep-2016 16:30:00,NaN,NaN,NaN
18-Sep-2016 16:45:00,NaN,NaN,NaN
18-Sep-2016 17:00:00,NaN,NaN,NaN
18-Sep-2016 17:15:00,NaN,NaN,NaN
18-Sep-2016 17:30:00,NaN,NaN,NaN
18-Sep-2016 17:45:00,NaN,NaN,NaN
18-Sep-2016 18:00:00,NaN,NaN,NaN
18-Sep-2016 18:15:00,NaN,NaN,NaN
18-Sep-2016 18:30:00,NaN,NaN,NaN
18-Sep-2016 18:45:00,NaN,NaN,NaN
18-Sep-2016 19:00:00,NaN,NaN,NaN
18-Sep-2016 19:15:00,NaN,NaN,NaN
18-Sep-2016 19:30:00,NaN,NaN,NaN
18-Sep-2016 19:45:00,NaN,NaN,NaN
18-Sep-2016 20:00:00,NaN,NaN,NaN
18-Sep-2016 20:15:00,NaN,NaN,NaN
18-Sep-2016 20:30:00,NaN,NaN,NaN
18-Sep-2016 20:45:00,NaN,NaN,NaN
18-Sep-2016 21:00:00,NaN,NaN,NaN
18-Sep-2016 21:15:00,NaN,NaN,NaN
18-Sep-2016 21:30:00,NaN,NaN,NaN
18-Sep-2016 21:45:00,NaN,NaN,NaN
18-Sep-2016 22:00:00,NaN,NaN,NaN
18-Sep-2016 22:15:00,NaN,NaN,NaN
18-Sep-2016 22:30:00,NaN,NaN,NaN
18-Sep-2016 22:45:00,NaN,NaN,NaN
18-Sep-2016 23:00:00,NaN,NaN,NaN
18-Sep-2016 23:15:00,NaN,NaN,NaN
18-Sep-2016 23:30:00,NaN,NaN,NaN
18-Sep-2016 23:45:00,NaN,NaN,NaN
19-Sep-2016 00:00:00,NaN,NaN,NaN
19-Sep-2016 00:15:00,NaN,NaN,NaN
19-Sep-2016 00:30:00,NaN,NaN,NaN
19-Sep-2016 00:45:00,NaN,NaN,NaN
19-Sep-2016 01:00:00,NaN,NaN,NaN
19-Sep-2016 01:15:00,NaN,NaN,NaN
19-Sep-2016 01:30:00,NaN,NaN,NaN
19-Sep-2016 01:45:00,NaN,NaN,NaN
19-Sep-2016 02:00:00,NaN,NaN,NaN
19-Sep-2016 02:15:00,NaN,NaN,NaN
19-Sep-2016 02:30:00,NaN,NaN,NaN
19-Sep-2016 02:45:00,NaN,NaN,NaN
19-Sep-2016 03:00:00,NaN,NaN,NaN
19-Sep-2016 03:15:00,NaN,NaN,NaN
19-Sep-2016 03:30:00,NaN,NaN,NaN
19-Sep-2016 03:45:00,NaN,NaN,NaN
19-Sep-2016 04:00:00,NaN,NaN,NaN
19-Sep-2016 04:15:00,NaN,NaN,NaN
19-Sep-2016 04:30:00,NaN,NaN,NaN
19-Sep-2016 04:45:00,NaN,NaN,NaN
19-Sep-2016 05:00:00,NaN,NaN,NaN
19-Sep-2016 05:15:00,NaN,NaN,NaN
19-Sep-2016 05:30:00,NaN,NaN,NaN
19-Sep-2016 05:45:00,NaN,NaN,NaN
19-Sep-2016 06:00:00,NaN,NaN,NaN
19-Sep-2016 06:15:00,NaN,NaN,NaN
19-Sep-2016 06:30:00,NaN,NaN,NaN
19-Sep-2016 06:45:00,NaN,NaN,NaN
19-Sep-2016 07:00:00,NaN,NaN,NaN
19-Sep-2016 07:15:00,NaN,NaN,NaN
19-Sep-2016 07:30:00,NaN,NaN,NaN
19-Sep-2016 07:45:00,NaN,NaN,NaN
19-Sep-2016 08:00:00,NaN,NaN,NaN
19-Sep-2016 08:15:00,NaN,NaN,NaN
19-Sep-2016 08:30:00,NaN,NaN,NaN
19-Sep-2016 08:45:00,NaN,NaN,NaN
19-Sep-2016 09:00:00,NaN,NaN,NaN
19-Sep-2016 09:15:00,NaN,NaN,NaN
19-Sep-2016 09:30:00,NaN,NaN,NaN
19-Sep-2016 09:45:00,NaN,NaN,NaN
19-Sep-2016 10:00:00,NaN,NaN,NaN
19-Sep-2016 10:15:00,NaN,NaN,NaN
19-Sep-2016 10:30:00,NaN,NaN,NaN
19-Sep-2016 10:45:00,NaN,NaN,NaN
19-Sep-2016 11:00:00,NaN,NaN,NaN
19-Sep-2016 11:15:00,NaN,NaN,NaN
19-Sep-2016 11:30:00,NaN,NaN,NaN
19-Sep-2016 11:45:00,NaN,NaN,NaN
19-Sep-2016 12:00:00,NaN,NaN,NaN
19-Sep-2016 12:15:00,NaN,NaN,NaN
19-Sep-2016 12:30:00,NaN,NaN,NaN
19-Sep-2016 12:45:00,NaN,NaN,NaN
19-Sep-2016 13:00:00,NaN,NaN,NaN
19-Sep-2016 13:15:00,NaN,NaN,NaN
19-Sep-2016 13:30:00,NaN,NaN,NaN
19-Sep-2016 13:45:00,NaN,NaN,NaN
19-Sep-2016 14:00:00,NaN,NaN,NaN
19-Sep-2016 14:15:00,NaN,NaN,NaN
19-Sep-2016 14:30:00,NaN,NaN,NaN
19-Sep-2016 14:45:00,NaN,NaN,NaN
19-Sep-2016 15:00:00,NaN,NaN,NaN
19-Sep-2016 15:15:00,NaN,NaN,NaN
19-Sep-2016 15:30:00,NaN,NaN,NaN
19-Sep-2016 15:45:00,NaN,NaN,NaN
19-Sep-2016 16:00:00,NaN,NaN,NaN
19-Sep-2016 16:15:00,NaN,NaN,NaN
19-Sep-2016 16:30:00,NaN,NaN,NaN
19-Sep-2016 16:45:00,NaN,NaN,NaN
19-Sep-2016 17:00:00,NaN,NaN,NaN
19-Sep-2016 17:15:00,NaN,NaN,NaN
19-Sep-2016 17:30:00,NaN,NaN,NaN
19-Sep-2016 17:45:00,NaN,NaN,NaN
19-Sep-2016 18:00:00,NaN,NaN,NaN
19-Sep-2016 18:15:00,NaN,NaN,NaN
19-Sep-2016 18:30:00,NaN,NaN,NaN
19-Sep-2016 18:45:00,NaN,NaN,NaN
19-Sep-2016 19:00:00,NaN,NaN,NaN
19-Sep-2016 19:15:00,NaN,NaN,NaN
19-Sep-2016 19:30:00,NaN,NaN,NaN
19-Sep-2016 19:45:00,NaN,NaN,NaN
19-Sep-2016 20:00:00,NaN,NaN,NaN
19-Sep-2016 20:15:00,NaN,NaN,NaN
19-Sep-2016 20:30:00,NaN,NaN,NaN
19-Sep-2016 20:45:00,NaN,NaN,NaN
19-Sep-2016 21:00:00,NaN,NaN,NaN
19-Sep-2016 21:15:00,NaN,NaN,NaN
19-Sep-2016 21:30:00,NaN,NaN,NaN
19-Sep-2016 21:45:00,NaN,NaN,NaN
19-Sep-2016 22:00:00,NaN,NaN,NaN
19-Sep-2016 22:15:00,NaN,NaN,NaN
19-Sep-2016 22:30:00,NaN,NaN,NaN
19-Sep-2016 22:45:00,NaN,NaN,NaN
19-Sep-2016 23:00:00,NaN,NaN,NaN
19-Sep-2016 23:15:00,NaN,NaN,NaN
19-Sep-2016 23:30:00,NaN,NaN,NaN
19-Sep-2016 23:45:00,NaN,NaN,NaN
20-Sep-2016 00:00:00,NaN,NaN,NaN
20-Sep-2016 00:15:00,NaN,NaN,NaN
20-Sep-2016 00:30:00,NaN,NaN,NaN
20-Sep-2016 00:45:00,NaN,NaN,NaN
20-Sep-2016 01:00:00,NaN,NaN,NaN
20-Sep-2016 01:15:00,NaN,NaN,NaN
20-Sep-2016 01:30:00,NaN,NaN,NaN
20-Sep-2016 01:45:00,NaN,NaN,NaN
20-Sep-2016 02:00:00,NaN,NaN,NaN
20-Sep-2016 02:15:00,NaN,NaN,NaN
20-Sep-2016 02:30:00,NaN,NaN,NaN
20-Sep-2016 02:45:00,NaN,NaN,NaN
20-Sep-2016 03:00:00,NaN,NaN,NaN
20-Sep-2016 03:15:00,NaN,NaN,NaN
20-Sep-2016 03:30:00,NaN,NaN,NaN
20-Sep-2016 03:45:00,NaN,NaN,NaN
20-Sep-2016 04:00:00,NaN,NaN,NaN
20-Sep-2016 04:15:00,NaN,NaN,NaN
20-Sep-2016 04:30:00,NaN,NaN,NaN
20-Sep-2016 04:45:00,NaN,NaN,NaN
20-Sep-2016 05:00:00,NaN,NaN,NaN
20-Sep-2016 05:15:00,NaN,NaN,NaN
20-Sep-2016 05:30:00,NaN,NaN,NaN
20-Sep-2016 05:45:00,NaN,NaN,NaN
20-Sep-2016 06:00:00,NaN,NaN,NaN
20-Sep-2016 06:15:00,NaN,NaN,NaN
20-Sep-2016 06:30:00,NaN,NaN,NaN
20-Sep-2016 06:45:00,NaN,NaN,NaN
20-Sep-2016 07:00:00,NaN,NaN,NaN
20-Sep-2016 07:15:00,NaN,NaN,NaN
20-Sep-2016 07:30:00,NaN,NaN,NaN
20-Sep-2016 07:45:00,NaN,NaN,NaN
20-Sep-2016 08:00:00,NaN,NaN,NaN
20-Sep-2016 08:15:00,NaN,NaN,NaN
20-Sep-2016 08:30:00,NaN,NaN,NaN
20-Sep-2016 08:45:00,NaN,NaN,NaN
20-Sep-2016 09:00:00,NaN,NaN,NaN
20-Sep-2016 09:15:00,NaN,NaN,NaN
20-Sep-2016 09:30:00,NaN,NaN,NaN
20-Sep-2016 09:45:00,NaN,NaN,NaN
20-Sep-2016 10:00:00,NaN,NaN,NaN
20-Sep-2016 10:15:00,NaN,NaN,NaN
20-Sep-2016 10:30:00,NaN,NaN,NaN
20-Sep-2016 10:45:00,NaN,NaN,NaN
20-Sep-2016 11:00:00,NaN,NaN,NaN
20-Sep-2016 11:15:00,NaN,NaN,NaN
20-Sep-2016 11:30:00,NaN,NaN,NaN
20-Sep-2016 11:45:00,NaN,NaN,NaN
20-Sep-2016 12:00:00,NaN,NaN,NaN
20-Sep-2016 12:15:00,NaN,NaN,NaN
20-Sep-2016 12:30:00,NaN,NaN,NaN
20-Sep-2016 12:45:00,NaN,NaN,NaN
20-Sep-2016 13:00:00,NaN,NaN,NaN
20-Sep-2016 13:15:00,NaN,NaN,NaN
20-Sep-2016 13:30:00,NaN,NaN,NaN
20-Sep-2016 13:45:00,NaN,NaN,NaN
20-Sep-2016 14:00:00,NaN,NaN,NaN
20-Sep-2016 14:15:00,NaN,NaN,NaN
20-Sep-2016 14:30:00,NaN,NaN,NaN
20-Sep-2016 14:45:00,NaN,NaN,NaN
20-Sep-2016 15:00:00,NaN,NaN,NaN
20-Sep-2016 15:15:00,NaN,NaN,NaN
20-Sep-2016 15:30:00,NaN,NaN,NaN
20-Sep-2016 15:45:00,NaN,NaN,NaN
20-Sep-2016 16:00:00,NaN,NaN,NaN
20-Sep-2016 16:15:00,NaN,NaN,NaN
20-Sep-2016 16:30:00,NaN,NaN,NaN
20-Sep-2016 16:45:00,NaN,NaN,NaN
20-Sep-2016 17:00:00,NaN,NaN,NaN
20-Sep-2016 17:15:00,NaN,NaN,NaN
20-Sep-2016 17:30:00,NaN,NaN,NaN
20-Sep-2016 17:45:00,NaN,NaN,NaN
20-Sep-2016 18:00:00,NaN,NaN,NaN
20-Sep-2016 18:15:00,NaN,NaN,NaN
20-Sep-2016 18:30:00,NaN,NaN,NaN
20-Sep-2016 18:45:00,NaN,NaN,NaN
20-Sep-2016 19:00:00,NaN,NaN,NaN
20-Sep-2016 19:15:00,NaN,NaN,NaN
20-Sep-2016 19:30:00,NaN,NaN,NaN
20-Sep-2016 19:45:00,NaN,NaN,NaN
20-Sep-2016 20:00:00,NaN,NaN,NaN
20-Sep-2016 20:15:00,NaN,NaN,NaN
20-Sep-2016 20:30:00,NaN,NaN,NaN
20-Sep-2016 20:45:00,NaN,NaN,NaN
20-Sep-2016 21:00:00,NaN,NaN,NaN
20-Sep-2016 21:15:00,NaN,NaN,NaN
20-Sep-2016 21:30:00,NaN,NaN,NaN
20-Sep-2016 21:45:00,NaN,NaN,NaN
20-Sep-2016 22:00:00,NaN,NaN,NaN
20-Sep-2016 22:15:00,NaN,NaN,NaN
20-Sep-2016 22:30:00,NaN,NaN,NaN
20-Sep-2016 22:45:00,NaN,NaN,NaN
20-Sep-2016 23:00:00,NaN,NaN,NaN
20-Sep-2016 23:15:00,NaN,NaN,NaN
20-Sep-2016 23:30:00,NaN,NaN,NaN
20-Sep-2016 23:45:00,NaN,NaN,NaN
21-Sep-2016 00:00:00,NaN,NaN,NaN
21-Sep-2016 00:15:00,NaN,NaN,NaN
21-Sep-2016 00:30:00,NaN,NaN,NaN
21-Sep-2016 00:45:00,NaN,NaN,NaN
21-Sep-2016 01:00:00,NaN,NaN,NaN
21-Sep-2016 01:15:00,NaN,NaN,NaN
21-Sep-2016 01:30:00,NaN,NaN,NaN
21-Sep-2016 01:45:00,NaN,NaN,NaN
21-Sep-2016 02:00:00,NaN,NaN,NaN
21-Sep-2016 02:15:00,NaN,NaN,NaN
21-Sep-2016 02:30:00,NaN,NaN,NaN
21-Sep-2016 02:45:00,NaN,NaN,NaN
21-Sep-2016 03:00:00,NaN,NaN,NaN
21-Sep-2016 03:15:00,NaN,NaN,NaN
21-Sep-2016 03:30:00,NaN,NaN,NaN
21-Sep-2016 03:45:00,NaN,NaN,NaN
21-Sep-2016 04:00:00,NaN,NaN,NaN
21-Sep-2016 04:15:00,NaN,NaN,NaN
21-Sep-2016 04:30:00,NaN,NaN,NaN
21-Sep-2016 04:45:00,NaN,NaN,NaN
21-Sep-2016 05:00:00,NaN,NaN,NaN
21-Sep-2016 05:15:00,NaN,NaN,NaN
21-Sep-2016 05:30:00,NaN,NaN,NaN
21-Sep-2016 05:45:00,NaN,NaN,NaN
21-Sep-2016 06:00:00,NaN,NaN,NaN
21-Sep-2016 06:15:00,NaN,NaN,NaN
21-Sep-2016 06:30:00,NaN,NaN,NaN
21-Sep-2016 06:45:00,NaN,NaN,NaN
21-Sep-2016 07:00:00,NaN,NaN,NaN
21-Sep-2016 07:15:00,NaN,NaN,NaN
21-Sep-2016 07:30:00,NaN,NaN,NaN
21-Sep-2016 07:45:00,NaN,NaN,NaN
21-Sep-2016 08:00:00,NaN,NaN,NaN
21-Sep-2016 08:15:00,NaN,NaN,NaN
21-Sep-2016 08:30:00,NaN,NaN,NaN
21-Sep-2016 08:45:00,NaN,NaN,NaN
21-Sep-2016 09:00:00,NaN,NaN,NaN
21-Sep-2016 09:15:00,NaN,NaN,NaN
21-Sep-2016 09:30:00,NaN,NaN,NaN
21-Sep-2016 09:45:00,NaN,NaN,NaN
21-Sep-2016 10:00:00,NaN,NaN,NaN
21-Sep-2016 10:15:00,NaN,NaN,NaN
21-Sep-2016 10:30:00,NaN,NaN,NaN
21-Sep-2016 10:45:00,NaN,NaN,NaN
21-Sep-2016 11:00:00,NaN,NaN,NaN
21-Sep-2016 11:15:00,NaN,NaN,NaN
21-Sep-2016 11:30:00,NaN,NaN,NaN
21-Sep-2016 11:45:00,NaN,NaN,NaN
21-Sep-2016 12:00:00,NaN,NaN,NaN
21-Sep-2016 12:15:00,NaN,NaN,NaN
21-Sep-2016 12:30:00,NaN,NaN,NaN
21-Sep-2016 12:45:00,NaN,NaN,NaN
21-Sep-2016 13:00:00,NaN,NaN,NaN
21-Sep-2016 13:15:00,NaN,NaN,NaN
21-Sep-2016 13:30:00,NaN,NaN,NaN
21-Sep-2016 13:45:00,NaN,NaN,NaN
21-Sep-2016 14:00:00,NaN,NaN,NaN
21-Sep-2016 14:15:00,NaN,NaN,NaN
21-Sep-2016 14:30:00,NaN,NaN,NaN
21-Sep-2016 14:45:00,NaN,NaN,NaN
21-Sep-2016 15:00:00,NaN,NaN,NaN
21-Sep-2016 15:15:00,NaN,NaN,NaN
21-Sep-2016 15:30:00,NaN,NaN,NaN
21-Sep-2016 15:45:00,NaN,NaN,NaN
21-Sep-2016 16:00:00,NaN,NaN,NaN
21-Sep-2016 16:15:00,NaN,NaN,NaN
21-Sep-2016 16:30:00,NaN,NaN,NaN
21-Sep-2016 16:45:00,NaN,NaN,NaN
21-Sep-2016 17:00:00,NaN,NaN,NaN
21-Sep-2016 17:15:00,NaN,NaN,NaN
21-Sep-2016 17:30:00,NaN,NaN,NaN
21-Sep-2016 17:45:00,NaN,NaN,NaN
21-Sep-2016 18:00:00,NaN,NaN,NaN
21-Sep-2016 18:15:00,NaN,NaN,NaN
21-Sep-2016 18:30:00,NaN,NaN,NaN
21-Sep-2016 18:45:00,NaN,NaN,NaN
21-Sep-2016 19:00:00,NaN,NaN,NaN
21-Sep-2016 19:15:00,NaN,NaN,NaN
21-Sep-2016 19:30:00,NaN,NaN,NaN
21-Sep-2016 19:45:00,NaN,NaN,NaN
21-Sep-2016 20:00:00,NaN,NaN,NaN
21-Sep-2016 20:15:00,NaN,NaN,NaN
21-Sep-2016 20:30:00,NaN,NaN,NaN
21-Sep-2016 20:45:00,NaN,NaN,NaN
21-Sep-2016 21:00:00,NaN,NaN,NaN
21-Sep-2016 21:15:00,NaN,NaN,NaN
21-Sep-2016 21:30:00,NaN,NaN,NaN
21-Sep-2016 21:45:00,NaN,NaN,NaN
21-Sep-2016 22:00:00,NaN,NaN,NaN
21-Sep-2016 22:15:00,NaN,NaN,NaN
21-Sep-2016 22:30:00,NaN,NaN,NaN
21-Sep-2016 22:45:00,NaN,NaN,NaN
21-Sep-2016 23:00:00,NaN,NaN,NaN
21-Sep-2016 23:15:00,NaN,NaN,NaN
21-Sep-2016 23:30:00,NaN,NaN,NaN
21-Sep-2016 23:45:00,NaN,NaN,NaN
22-Sep-2016 00:00:00,NaN,NaN,NaN
22-Sep-2016 00:15:00,NaN,NaN,NaN
22-Sep-2016 00:30:00,NaN,NaN,NaN
22-Sep-2016 00:45:00,NaN,NaN,NaN
22-Sep-2016 01:00:00,NaN,NaN,NaN
22-Sep-2016 01:15:00,NaN,NaN,NaN
22-Sep-2016 01:30:00,NaN,NaN,NaN
22-Sep-2016 01:45:00,NaN,NaN,NaN
22-Sep-2016 02:00:00,NaN,NaN,NaN
22-Sep-2016 02:15:00,NaN,NaN,NaN
22-Sep-2016 02:30:00,NaN,NaN,NaN
22-Sep-2016 02:45:00,NaN,NaN,NaN
22-Sep-2016 03:00:00,NaN,NaN,NaN
22-Sep-2016 03:15:00,NaN,NaN,NaN
22-Sep-2016 03:30:00,NaN,NaN,NaN
22-Sep-2016 03:45:00,NaN,NaN,NaN
22-Sep-2016 04:00:00,NaN,NaN,NaN
22-Sep-2016 04:15:00,NaN,NaN,NaN
22-Sep-2016 04:30:00,NaN,NaN,NaN
22-Sep-2016 04:45:00,NaN,NaN,NaN
22-Sep-2016 05:00:00,NaN,NaN,NaN
22-Sep-2016 05:15:00,NaN,NaN,NaN
22-Sep-2016 05:30:00,NaN,NaN,NaN
22-Sep-2016 05:45:00,NaN,NaN,NaN
22-Sep-2016 06:00:00,NaN,NaN,NaN
22-Sep-2016 06:15:00,NaN,NaN,NaN
22-Sep-2016 06:30:00,NaN,NaN,NaN
22-Sep-2016 06:45:00,NaN,NaN,NaN
22-Sep-2016 07:00:00,NaN,NaN,NaN
22-Sep-2016 07:15:00,NaN,NaN,NaN
22-Sep-2016 07:30:00,NaN,NaN,NaN
22-Sep-2016 07:45:00,NaN,NaN,NaN
22-Sep-2016 08:00:00,NaN,NaN,NaN
22-Sep-2016 08:15:00,NaN,NaN,NaN
22-Sep-2016 08:30:00,NaN,NaN,NaN
22-Sep-2016 08:45:00,NaN,NaN,NaN
22-Sep-2016 09:00:00,NaN,NaN,NaN
22-Sep-2016 09:15:00,NaN,NaN,NaN
22-Sep-2016 09:30:00,NaN,NaN,NaN
22-Sep-2016 09:45:00,NaN,NaN,NaN
22-Sep-2016 10:00:00,NaN,NaN,NaN
22-Sep-2016 10:15:00,NaN,NaN,NaN
22-Sep-2016 10:30:00,NaN,NaN,NaN
22-Sep-2016 10:45:00,NaN,NaN,NaN
22-Sep-2016 11:00:00,NaN,NaN,NaN
22-Sep-2016 11:15:00,NaN,NaN,NaN
22-Sep-2016 11:30:00,NaN,NaN,NaN
22-Sep-2016 11:45:00,NaN,NaN,NaN
22-Sep-2016 12:00:00,NaN,NaN,NaN
22-Sep-2016 12:15:00,NaN,NaN,NaN
22-Sep-2016 12:30:00,NaN,NaN,NaN
22-Sep-2016 12:45:00,NaN,NaN,NaN
22-Sep-2016 13:00:00,NaN,NaN,NaN
22-Sep-2016 13:15:00,NaN,NaN,NaN
22-Sep-2016 13:30:00,NaN,NaN,NaN
22-Sep-2016 13:45:00,NaN,NaN,NaN
22-Sep-2016 14:00:00,NaN,NaN,NaN
22-Sep-2016 14:15:00,NaN,NaN,NaN
22-Sep-2016 14:30:00,NaN,NaN,NaN
22-Sep-2016 14:45:00,NaN,NaN,NaN
22-Sep-2016 15:00:00,NaN,NaN,NaN
22-Sep-2016 15:15:00,NaN,NaN,NaN
22-Sep-2016 15:30:00,NaN,NaN,NaN
22-Sep-2016 15:45:00,NaN,NaN,NaN
22-Sep-2016 16:00:00,NaN,NaN,NaN
22-Sep-2016 16:15:00,NaN,NaN,NaN
22-Sep-2016 16:30:00,NaN,NaN,NaN
22-Sep-2016 16:45:00,NaN,NaN,NaN
22-Sep-2016 17:00:00,NaN,NaN,NaN
22-Sep-2016 17:15:00,NaN,NaN,NaN
22-Sep-2016 17:30:00,NaN,NaN,NaN
22-Sep-2016 17:45:00,NaN,NaN,NaN
22-Sep-2016 18:00:00,NaN,NaN,NaN
22-Sep-2016 18:15:00,NaN,NaN,NaN
22-Sep-2016 18:30:00,NaN,NaN,NaN
22-Sep-2016 18:45:00,NaN,NaN,NaN
22-Sep-2016 19:00:00,NaN,NaN,NaN
22-Sep-2016 19:15:00,NaN,NaN,NaN
22-Sep-2016 19:30:00,NaN,NaN,NaN
22-Sep-2016 19:45:00,NaN,NaN,NaN
22-Sep-2016 20:00:00,NaN,NaN,NaN
22-Sep-2016 20:15:00,NaN,NaN,NaN
22-Sep-2016 20:30:00,NaN,NaN,NaN
22-Sep-2016 20:45:00,NaN,NaN,NaN
22-Sep-2016 21:00:00,NaN,NaN,NaN
22-Sep-2016 21:15:00,NaN,NaN,NaN
22-Sep-2016 21:30:00,NaN,NaN,NaN
22-Sep-2016 21:45:00,NaN,NaN,NaN
22-Sep-2016 22:00:00,NaN,NaN,NaN
22-Sep-2016 22:15:00,NaN,NaN,NaN
22-Sep-2016 22:30:00,NaN,NaN,NaN
22-Sep-2016 22:45:00,NaN,NaN,NaN
22-Sep-2016 23:00:00,NaN,NaN,NaN
22-Sep-2016 23:15:00,NaN,NaN,NaN
22-Sep-2016 23:30:00,NaN,NaN,NaN
22-Sep-2016 23:45:00,NaN,NaN,NaN
23-Sep-2016 00:00:00,NaN,NaN,NaN
23-Sep-2016 00:15:00,NaN,NaN,NaN
23-Sep-2016 00:30:00,NaN,NaN,NaN
23-Sep-2016 00:45:00,NaN,NaN,NaN
23-Sep-2016 01:00:00,NaN,NaN,NaN
23-Sep-2016 01:15:00,NaN,NaN,NaN
23-Sep-2016 01:30:00,NaN,NaN,NaN
23-Sep-2016 01:45:00,NaN,NaN,NaN
23-Sep-2016 02:00:00,NaN,NaN,NaN
23-Sep-2016 02:15:00,NaN,NaN,NaN
23-Sep-2016 02:30:00,NaN,NaN,NaN
23-Sep-2016 02:45:00,NaN,NaN,NaN
23-Sep-2016 03:00:00,NaN,NaN,NaN
23-Sep-2016 03:15:00,NaN,NaN,NaN
23-Sep-2016 03:30:00,NaN,NaN,NaN
23-Sep-2016 03:45:00,NaN,NaN,NaN
23-Sep-2016 04:00:00,NaN,NaN,NaN
23-Sep-2016 04:15:00,NaN,NaN,NaN
23-Sep-2016 04:30:00,NaN,NaN,NaN
23-Sep-2016 04:45:00,NaN,NaN,NaN
23-Sep-2016 05:00:00,NaN,NaN,NaN
23-Sep-2016 05:15:00,NaN,NaN,NaN
23-Sep-2016 05:30:00,NaN,NaN,NaN
23-Sep-2016 05:45:00,NaN,NaN,NaN
23-Sep-2016 06:00:00,NaN,NaN,NaN
23-Sep-2016 06:15:00,NaN,NaN,NaN
23-Sep-2016 06:30:00,NaN,NaN,NaN
23-Sep-2016 06:45:00,NaN,NaN,NaN
23-Sep-2016 07:00:00,NaN,NaN,NaN
23-Sep-2016 07:15:00,NaN,NaN,NaN
23-Sep-2016 07:30:00,NaN,NaN,NaN
23-Sep-2016 07:45:00,NaN,NaN,NaN
23-Sep-2016 08:00:00,NaN,NaN,NaN
23-Sep-2016 08:15:00,NaN,NaN,NaN
23-Sep-2016 08:30:00,NaN,NaN,NaN
23-Sep-2016 08:45:00,NaN,NaN,NaN
23-Sep-2016 09:00:00,NaN,NaN,NaN
23-Sep-2016 09:15:00,NaN,NaN,NaN
23-Sep-2016 09:30:00,NaN,NaN,NaN
23-Sep-2016 09:45:00,NaN,NaN,NaN
23-Sep-2016 10:00:00,NaN,NaN,NaN
23-Sep-2016 10:15:00,NaN,NaN,NaN
23-Sep-2016 10:30:00,NaN,NaN,NaN
23-Sep-2016 10:45:00,NaN,NaN,NaN
23-Sep-2016 11:00:00,NaN,NaN,NaN
23-Sep-2016 11:15:00,NaN,NaN,NaN
23-Sep-2016 11:30:00,NaN,NaN,NaN
23-Sep-2016 11:45:00,NaN,NaN,NaN
23-Sep-2016 12:00:00,NaN,NaN,NaN
23-Sep-2016 12:15:00,NaN,NaN,NaN
23-Sep-2016 12:30:00,NaN,NaN,NaN
23-Sep-2016 12:45:00,NaN,NaN,NaN
23-Sep-2016 13:00:00,NaN,NaN,NaN
23-Sep-2016 13:15:00,NaN,NaN,NaN
23-Sep-2016 13:30:00,NaN,NaN,NaN
23-Sep-2016 13:45:00,NaN,NaN,NaN
23-Sep-2016 14:00:00,NaN,NaN,NaN
23-Sep-2016 14:15:00,NaN,NaN,NaN
23-Sep-2016 14:30:00,NaN,NaN,NaN
23-Sep-2016 14:45:00,NaN,NaN,NaN
23-Sep-2016 15:00:00,NaN,NaN,NaN
23-Sep-2016 15:15:00,NaN,NaN,NaN
23-Sep-2016 15:30:00,NaN,NaN,NaN
23-Sep-2016 15:45:00,NaN,NaN,NaN
23-Sep-2016 16:00:00,NaN,NaN,NaN
23-Sep-2016 16:15:00,NaN,NaN,NaN
23-Sep-2016 16:30:00,NaN,NaN,NaN
23-Sep-2016 16:45:00,NaN,NaN,NaN
23-Sep-2016 17:00:00,NaN,NaN,NaN
23-Sep-2016 17:15:00,NaN,NaN,NaN
23-Sep-2016 17:30:00,NaN,NaN,NaN
23-Sep-2016 17:45:00,NaN,NaN,NaN
23-Sep-2016 18:00:00,NaN,NaN,NaN
23-Sep-2016 18:15:00,NaN,NaN,NaN
23-Sep-2016 18:30:00,NaN,NaN,NaN
23-Sep-2016 18:45:00,NaN,NaN,NaN
23-Sep-2016 19:00:00,NaN,NaN,NaN
23-Sep-2016 19:15:00,NaN,NaN,NaN
23-Sep-2016 19:30:00,NaN,NaN,NaN
23-Sep-2016 19:45:00,NaN,NaN,NaN
23-Sep-2016 20:00:00,NaN,NaN,NaN
23-Sep-2016 20:15:00,NaN,NaN,NaN
23-Sep-2016 20:30:00,NaN,NaN,NaN
23-Sep-2016 20:45:00,NaN,NaN,NaN
23-Sep-2016 21:00:00,NaN,NaN,NaN
23-Sep-2016 21:15:00,NaN,NaN,NaN
23-Sep-2016 21:30:00,NaN,NaN,NaN
23-Sep-2016 21:45:00,NaN,NaN,NaN
23-Sep-2016 22:00:00,NaN,NaN,NaN
23-Sep-2016 22:15:00,NaN,NaN,NaN
23-Sep-2016 22:30:00,NaN,NaN,NaN
23-Sep-2016 22:45:00,NaN,NaN,NaN
23-Sep-2016 23:00:00,NaN,NaN,NaN
23-Sep-2016 23:15:00,NaN,NaN,NaN
23-Sep-2016 23:30:00,NaN,NaN,NaN
23-Sep-2016 23:45:00,NaN,NaN,NaN
24-Sep-2016 00:00:00,NaN,NaN,NaN
24-Sep-2016 00:15:00,NaN,NaN,NaN
24-Sep-2016 00:30:00,NaN,NaN,NaN
24-Sep-2016 00:45:00,NaN,NaN,NaN
24-Sep-2016 01:00:00,NaN,NaN,NaN
24-Sep-2016 01:15:00,NaN,NaN,NaN
24-Sep-2016 01:30:00,NaN,NaN,NaN
24-Sep-2016 01:45:00,NaN,NaN,NaN
24-Sep-2016 02:00:00,NaN,NaN,NaN
24-Sep-2016 02:15:00,NaN,NaN,NaN
24-Sep-2016 02:30:00,NaN,NaN,NaN
24-Sep-2016 02:45:00,NaN,NaN,NaN
24-Sep-2016 03:00:00,NaN,NaN,NaN
24-Sep-2016 03:15:00,NaN,NaN,NaN
24-Sep-2016 03:30:00,NaN,NaN,NaN
24-Sep-2016 03:45:00,NaN,NaN,NaN
24-Sep-2016 04:00:00,NaN,NaN,NaN
24-Sep-2016 04:15:00,NaN,NaN,NaN
24-Sep-2016 04:30:00,NaN,NaN,NaN
24-Sep-2016 04:45:00,NaN,NaN,NaN
24-Sep-2016 05:00:00,NaN,NaN,NaN
24-Sep-2016 05:15:00,NaN,NaN,NaN
24-Sep-2016 05:30:00,NaN,NaN,NaN
24-Sep-2016 05:45:00,NaN,NaN,NaN
24-Sep-2016 06:00:00,NaN,NaN,NaN
24-Sep-2016 06:15:00,NaN,NaN,NaN
24-Sep-2016 06:30:00,NaN,NaN,NaN
24-Sep-2016 06:45:00,NaN,NaN,NaN
24-Sep-2016 07:00:00,NaN,NaN,NaN
24-Sep-2016 07:15:00,NaN,NaN,NaN
24-Sep-2016 07:30:00,NaN,NaN,NaN
24-Sep-2016 07:45:00,NaN,NaN,NaN
24-Sep-2016 08:00:00,NaN,NaN,NaN
24-Sep-2016 08:15:00,NaN,NaN,NaN
24-Sep-2016 08:30:00,NaN,NaN,NaN
24-Sep-2016 08:45:00,NaN,NaN,NaN
24-Sep-2016 09:00:00,NaN,NaN,NaN
24-Sep-2016 09:15:00,NaN,NaN,NaN
24-Sep-2016 09:30:00,NaN,NaN,NaN
24-Sep-2016 09:45:00,NaN,NaN,NaN
24-Sep-2016 10:00:00,NaN,NaN,NaN
24-Sep-2016 10:15:00,NaN,NaN,NaN
24-Sep-2016 10:30:00,NaN,NaN,NaN
24-Sep-2016 10:45:00,NaN,NaN,NaN
24-Sep-2016 11:00:00,NaN,NaN,NaN
24-Sep-2016 11:15:00,NaN,NaN,NaN
24-Sep-2016 11:30:00,NaN,NaN,NaN
24-Sep-2016 11:45:00,NaN,NaN,NaN
24-Sep-2016 12:00:00,NaN,NaN,NaN
24-Sep-2016 12:15:00,NaN,NaN,NaN
24-Sep-2016 12:30:00,NaN,NaN,NaN
24-Sep-2016 12:45:00,NaN,NaN,NaN
24-Sep-2016 13:00:00,NaN,NaN,NaN
24-Sep-2016 13:15:00,NaN,NaN,NaN
24-Sep-2016 13:30:00,NaN,NaN,NaN
24-Sep-2016 13:45:00,NaN,NaN,NaN
24-Sep-2016 14:00:00,NaN,NaN,NaN
24-Sep-2016 14:15:00,NaN,NaN,NaN
24-Sep-2016 14:30:00,NaN,NaN,NaN
24-Sep-2016 14:45:00,NaN,NaN,NaN
24-Sep-2016 15:00:00,NaN,NaN,NaN
24-Sep-2016 15:15:00,NaN,NaN,NaN
24-Sep-2016 15:30:00,NaN,NaN,NaN
24-Sep-2016 15:45:00,NaN,NaN,NaN
24-Sep-2016 16:00:00,NaN,NaN,NaN
24-Sep-2016 16:15:00,NaN,NaN,NaN
24-Sep-2016 16:30:00,NaN,NaN,NaN
24-Sep-2016 16:45:00,NaN,NaN,NaN
24-Sep-2016 17:00:00,NaN,NaN,NaN
24-Sep-2016 17:15:00,NaN,NaN,NaN
24-Sep-2016 17:30:00,NaN,NaN,NaN
24-Sep-2016 17:45:00,NaN,NaN,NaN
24-Sep-2016 18:00:00,NaN,NaN,NaN
24-Sep-2016 18:15:00,NaN,NaN,NaN
24-Sep-2016 18:30:00,NaN,NaN,NaN
24-Sep-2016 18:45:00,NaN,NaN,NaN
24-Sep-2016 19:00:00,NaN,NaN,NaN
24-Sep-2016 19:15:00,NaN,NaN,NaN
24-Sep-2016 19:30:00,NaN,NaN,NaN
24-Sep-2016 19:45:00,NaN,NaN,NaN
24-Sep-2016 20:00:00,NaN,NaN,NaN
24-Sep-2016 20:15:00,NaN,NaN,NaN
24-Sep-2016 20:30:00,NaN,NaN,NaN
24-Sep-2016 20:45:00,NaN,NaN,NaN
24-Sep-2016 21:00:00,NaN,NaN,NaN
24-Sep-2016 21:15:00,NaN,NaN,NaN
24-Sep-2016 21:30:00,NaN,NaN,NaN
24-Sep-2016 21:45:00,NaN,NaN,NaN
24-Sep-2016 22:00:00,NaN,NaN,NaN
24-Sep-2016 22:15:00,NaN,NaN,NaN
24-Sep-2016 22:30:00,NaN,NaN,NaN
24-Sep-2016 22:45:00,NaN,NaN,NaN
24-Sep-2016 23:00:00,NaN,NaN,NaN
24-Sep-2016 23:15:00,NaN,NaN,NaN
24-Sep-2016 23:30:00,NaN,NaN,NaN
24-Sep-2016 23:45:00,NaN,NaN,NaN
25-Sep-2016 00:00:00,NaN,NaN,NaN
25-Sep-2016 00:15:00,NaN,NaN,NaN
25-Sep-2016 00:30:00,NaN,NaN,NaN
25-Sep-2016 00:45:00,NaN,NaN,NaN
25-Sep-2016 01:00:00,NaN,NaN,NaN
25-Sep-2016 01:15:00,NaN,NaN,NaN
25-Sep-2016 01:30:00,NaN,NaN,NaN
25-Sep-2016 01:45:00,NaN,NaN,NaN
25-Sep-2016 02:00:00,NaN,NaN,NaN
25-Sep-2016 02:15:00,NaN,NaN,NaN
25-Sep-2016 02:30:00,NaN,NaN,NaN
25-Sep-2016 02:45:00,NaN,NaN,NaN
25-Sep-2016 03:00:00,NaN,NaN,NaN
25-Sep-2016 03:15:00,NaN,NaN,NaN
25-Sep-2016 03:30:00,NaN,NaN,NaN
25-Sep-2016 03:45:00,NaN,NaN,NaN
25-Sep-2016 04:00:00,NaN,NaN,NaN
25-Sep-2016 04:15:00,NaN,NaN,NaN
25-Sep-2016 04:30:00,NaN,NaN,NaN
25-Sep-2016 04:45:00,NaN,NaN,NaN
25-Sep-2016 05:00:00,NaN,NaN,NaN
25-Sep-2016 05:15:00,NaN,NaN,NaN
25-Sep-2016 05:30:00,NaN,NaN,NaN
25-Sep-2016 05:45:00,NaN,NaN,NaN
25-Sep-2016 06:00:00,NaN,NaN,NaN
25-Sep-2016 06:15:00,NaN,NaN,NaN
25-Sep-2016 06:30:00,NaN,NaN,NaN
25-Sep-2016 06:45:00,NaN,NaN,NaN
25-Sep-2016 07:00:00,NaN,NaN,NaN
25-Sep-2016 07:15:00,NaN,NaN,NaN
25-Sep-2016 07:30:00,NaN,NaN,NaN
25-Sep-2016 07:45:00,NaN,NaN,NaN
25-Sep-2016 08:00:00,NaN,NaN,NaN
25-Sep-2016 08:15:00,NaN,NaN,NaN
25-Sep-2016 08:30:00,NaN,NaN,NaN
25-Sep-2016 08:45:00,NaN,NaN,NaN
25-Sep-2016 09:00:00,NaN,NaN,NaN
25-Sep-2016 09:15:00,NaN,NaN,NaN
25-Sep-2016 09:30:00,NaN,NaN,NaN
25-Sep-2016 09:45:00,NaN,NaN,NaN
25-Sep-2016 10:00:00,NaN,NaN,NaN
25-Sep-2016 10:15:00,NaN,NaN,NaN
25-Sep-2016 10:30:00,NaN,NaN,NaN
25-Sep-2016 10:45:00,NaN,NaN,NaN
25-Sep-2016 11:00:00,NaN,NaN,NaN
25-Sep-2016 11:15:00,NaN,NaN,NaN
25-Sep-2016 11:30:00,NaN,NaN,NaN
25-Sep-2016 11:45:00,NaN,NaN,NaN
25-Sep-2016 12:00:00,NaN,NaN,NaN
25-Sep-2016 12:15:00,NaN,NaN,NaN
25-Sep-2016 12:30:00,NaN,NaN,NaN
25-Sep-2016 12:45:00,NaN,NaN,NaN
25-Sep-2016 13:00:00,NaN,NaN,NaN
25-Sep-2016 13:15:00,NaN,NaN,NaN
25-Sep-2016 13:30:00,NaN,NaN,NaN
25-Sep-2016 13:45:00,NaN,NaN,NaN
25-Sep-2016 14:00:00,NaN,NaN,NaN
25-Sep-2016 14:15:00,NaN,NaN,NaN
25-Sep-2016 14:30:00,NaN,NaN,NaN
25-Sep-2016 14:45:00,NaN,NaN,NaN
25-Sep-2016 15:00:00,NaN,NaN,NaN
25-Sep-2016 15:15:00,NaN,NaN,NaN
25-Sep-2016 15:30:00,NaN,NaN,NaN
25-Sep-2016 15:45:00,NaN,NaN,NaN
25-Sep-2016 16:00:00,NaN,NaN,NaN
25-Sep-2016 16:15:00,NaN,NaN,NaN
25-Sep-2016 16:30:00,NaN,NaN,NaN
25-Sep-2016 16:45:00,NaN,NaN,NaN
25-Sep-2016 17:00:00,NaN,NaN,NaN
25-Sep-2016 17:15:00,NaN,NaN,NaN
25-Sep-2016 17:30:00,NaN,NaN,NaN
25-Sep-2016 17:45:00,NaN,NaN,NaN
25-Sep-2016 18:00:00,NaN,NaN,NaN
25-Sep-2016 18:15:00,NaN,NaN,NaN
25-Sep-2016 18:30:00,NaN,NaN,NaN
25-Sep-2016 18:45:00,NaN,NaN,NaN
25-Sep-2016 19:00:00,NaN,NaN,NaN
25-Sep-2016 19:15:00,NaN,NaN,NaN
25-Sep-2016 19:30:00,NaN,NaN,NaN
25-Sep-2016 19:45:00,NaN,NaN,NaN
25-Sep-2016 20:00:00,NaN,NaN,NaN
25-Sep-2016 20:15:00,NaN,NaN,NaN
25-Sep-2016 20:30:00,NaN,NaN,NaN
25-Sep-2016 20:45:00,NaN,NaN,NaN
25-Sep-2016 21:00:00,NaN,NaN,NaN
25-Sep-2016 21:15:00,NaN,NaN,NaN
25-Sep-2016 21:30:00,NaN,NaN,NaN
25-Sep-2016 21:45:00,NaN,NaN,NaN
25-Sep-2016 22:00:00,NaN,NaN,NaN
25-Sep-2016 22:15:00,NaN,NaN,NaN
25-Sep-2016 22:30:00,NaN,NaN,NaN
25-Sep-2016 22:45:00,NaN,NaN,NaN
25-Sep-2016 23:00:00,NaN,NaN,NaN
25-Sep-2016 23:15:00,NaN,NaN,NaN
25-Sep-2016 23:30:00,NaN,NaN,NaN
25-Sep-2016 23:45:00,NaN,NaN,NaN
26-Sep-2016 00:00:00,NaN,NaN,NaN
26-Sep-2016 00:15:00,NaN,NaN,NaN
26-Sep-2016 00:30:00,NaN,NaN,NaN
26-Sep-2016 00:45:00,NaN,NaN,NaN
26-Sep-2016 01:00:00,NaN,NaN,NaN
26-Sep-2016 01:15:00,NaN,NaN,NaN
26-Sep-2016 01:30:00,NaN,NaN,NaN
26-Sep-2016 01:45:00,NaN,NaN,NaN
26-Sep-2016 02:00:00,NaN,NaN,NaN
26-Sep-2016 02:15:00,NaN,NaN,NaN
26-Sep-2016 02:30:00,NaN,NaN,NaN
26-Sep-2016 02:45:00,NaN,NaN,NaN
26-Sep-2016 03:00:00,NaN,NaN,NaN
26-Sep-2016 03:15:00,NaN,NaN,NaN
26-Sep-2016 03:30:00,NaN,NaN,NaN
26-Sep-2016 03:45:00,NaN,NaN,NaN
26-Sep-2016 04:00:00,NaN,NaN,NaN
26-Sep-2016 04:15:00,NaN,NaN,NaN
26-Sep-2016 04:30:00,NaN,NaN,NaN
26-Sep-2016 04:45:00,NaN,NaN,NaN
26-Sep-2016 05:00:00,NaN,NaN,NaN
26-Sep-2016 05:15:00,NaN,NaN,NaN
26-Sep-2016 05:30:00,NaN,NaN,NaN
26-Sep-2016 05:45:00,NaN,NaN,NaN
26-Sep-2016 06:00:00,NaN,NaN,NaN
26-Sep-2016 06:15:00,NaN,NaN,NaN
26-Sep-2016 06:30:00,NaN,NaN,NaN
26-Sep-2016 06:45:00,NaN,NaN,NaN
26-Sep-2016 07:00:00,NaN,NaN,NaN
26-Sep-2016 07:15:00,NaN,NaN,NaN
26-Sep-2016 07:30:00,NaN,NaN,NaN
26-Sep-2016 07:45:00,NaN,NaN,NaN
26-Sep-2016 08:00:00,NaN,NaN,NaN
26-Sep-2016 08:15:00,NaN,NaN,NaN
26-Sep-2016 08:30:00,NaN,NaN,NaN
26-Sep-2016 08:45:00,NaN,NaN,NaN
26-Sep-2016 09:00:00,NaN,NaN,NaN
26-Sep-2016 09:15:00,NaN,NaN,NaN
26-Sep-2016 09:30:00,NaN,NaN,NaN
26-Sep-2016 09:45:00,NaN,NaN,NaN
26-Sep-2016 10:00:00,NaN,NaN,NaN
26-Sep-2016 10:15:00,NaN,NaN,NaN
26-Sep-2016 10:30:00,NaN,NaN,NaN
26-Sep-2016 10:45:00,NaN,NaN,NaN
26-Sep-2016 11:00:00,NaN,NaN,NaN
26-Sep-2016 11:15:00,NaN,NaN,NaN
26-Sep-2016 11:30:00,NaN,NaN,NaN
26-Sep-2016 11:45:00,NaN,NaN,NaN
26-Sep-2016 12:00:00,NaN,NaN,NaN
26-Sep-2016 12:15:00,NaN,NaN,NaN
26-Sep-2016 12:30:00,NaN,NaN,NaN
26-Sep-2016 12:45:00,NaN,NaN,NaN
26-Sep-2016 13:00:00,NaN,NaN,NaN
26-Sep-2016 13:15:00,NaN,NaN,NaN
26-Sep-2016 13:30:00,NaN,NaN,NaN
26-Sep-2016 13:45:00,NaN,NaN,NaN
26-Sep-2016 14:00:00,NaN,NaN,NaN
26-Sep-2016 14:15:00,NaN,NaN,NaN
26-Sep-2016 14:30:00,NaN,NaN,NaN
26-Sep-2016 14:45:00,NaN,NaN,NaN
26-Sep-2016 15:00:00,NaN,NaN,NaN
26-Sep-2016 15:15:00,NaN,NaN,NaN
26-Sep-2016 15:30:00,NaN,NaN,NaN
26-Sep-2016 15:45:00,NaN,NaN,NaN
26-Sep-2016 16:00:00,NaN,NaN,NaN
26-Sep-2016 16:15:00,NaN,NaN,NaN
26-Sep-2016 16:30:00,NaN,NaN,NaN
26-Sep-2016 16:45:00,NaN,NaN,NaN
26-Sep-2016 17:00:00,NaN,NaN,NaN
26-Sep-2016 17:15:00,NaN,NaN,NaN
26-Sep-2016 17:30:00,NaN,NaN,NaN
26-Sep-2016 17:45:00,NaN,NaN,NaN
26-Sep-2016 18:00:00,NaN,NaN,NaN
26-Sep-2016 18:15:00,NaN,NaN,NaN
26-Sep-2016 18:30:00,NaN,NaN,NaN
26-Sep-2016 18:45:00,NaN,NaN,NaN
26-Sep-2016 19:00:00,NaN,NaN,NaN
26-Sep-2016 19:15:00,NaN,NaN,NaN
26-Sep-2016 19:30:00,NaN,NaN,NaN
26-Sep-2016 19:45:00,NaN,NaN,NaN
26-Sep-2016 20:00:00,NaN,NaN,NaN
26-Sep-2016 20:15:00,NaN,NaN,NaN
26-Sep-2016 20:30:00,NaN,NaN,NaN
26-Sep-2016 20:45:00,NaN,NaN,NaN
26-Sep-2016 21:00:00,NaN,NaN,NaN
26-Sep-2016 21:15:00,NaN,NaN,NaN
26-Sep-2016 21:30:00,NaN,NaN,NaN
26-Sep-2016 21:45:00,NaN,NaN,NaN
26-Sep-2016 22:00:00,NaN,NaN,NaN
26-Sep-2016 22:15:00,NaN,NaN,NaN
26-Sep-2016 22:30:00,NaN,NaN,NaN
26-Sep-2016 22:45:00,NaN,NaN,NaN
26-Sep-2016 23:00:00,NaN,NaN,NaN
26-Sep-2016 23:15:00,NaN,NaN,NaN
26-Sep-2016 23:30:00,NaN,NaN,NaN
26-Sep-2016 23:45:00,NaN,NaN,NaN
27-Sep-2016 00:00:00,NaN,NaN,NaN
27-Sep-2016 00:15:00,NaN,NaN,NaN
27-Sep-2016 00:30:00,NaN,NaN,NaN
27-Sep-2016 00:45:00,NaN,NaN,NaN
27-Sep-2016 01:00:00,NaN,NaN,NaN
27-Sep-2016 01:15:00,NaN,NaN,NaN
27-Sep-2016 01:30:00,NaN,NaN,NaN
27-Sep-2016 01:45:00,NaN,NaN,NaN
27-Sep-2016 02:00:00,NaN,NaN,NaN
27-Sep-2016 02:15:00,NaN,NaN,NaN
27-Sep-2016 02:30:00,NaN,NaN,NaN
27-Sep-2016 02:45:00,NaN,NaN,NaN
27-Sep-2016 03:00:00,NaN,NaN,NaN
27-Sep-2016 03:15:00,NaN,NaN,NaN
27-Sep-2016 03:30:00,NaN,NaN,NaN
27-Sep-2016 03:45:00,NaN,NaN,NaN
27-Sep-2016 04:00:00,NaN,NaN,NaN
27-Sep-2016 04:15:00,NaN,NaN,NaN
27-Sep-2016 04:30:00,NaN,NaN,NaN
27-Sep-2016 04:45:00,NaN,NaN,NaN
27-Sep-2016 05:00:00,NaN,NaN,NaN
27-Sep-2016 05:15:00,NaN,NaN,NaN
27-Sep-2016 05:30:00,NaN,NaN,NaN
27-Sep-2016 05:45:00,NaN,NaN,NaN
27-Sep-2016 06:00:00,NaN,NaN,NaN
27-Sep-2016 06:15:00,NaN,NaN,NaN
27-Sep-2016 06:30:00,NaN,NaN,NaN
27-Sep-2016 06:45:00,NaN,NaN,NaN
27-Sep-2016 07:00:00,NaN,NaN,NaN
27-Sep-2016 07:15:00,NaN,NaN,NaN
27-Sep-2016 07:30:00,NaN,NaN,NaN
27-Sep-2016 07:45:00,NaN,NaN,NaN
27-Sep-2016 08:00:00,NaN,NaN,NaN
27-Sep-2016 08:15:00,NaN,NaN,NaN
27-Sep-2016 08:30:00,NaN,NaN,NaN
27-Sep-2016 08:45:00,NaN,NaN,NaN
27-Sep-2016 09:00:00,NaN,NaN,NaN
27-Sep-2016 09:15:00,NaN,NaN,NaN
27-Sep-2016 09:30:00,NaN,NaN,NaN
27-Sep-2016 09:45:00,NaN,NaN,NaN
27-Sep-2016 10:00:00,NaN,NaN,NaN
27-Sep-2016 10:15:00,NaN,NaN,NaN
27-Sep-2016 10:30:00,NaN,NaN,NaN
27-Sep-2016 10:45:00,NaN,NaN,NaN
27-Sep-2016 11:00:00,NaN,NaN,NaN
27-Sep-2016 11:15:00,NaN,NaN,NaN
27-Sep-2016 11:30:00,NaN,NaN,NaN
27-Sep-2016 11:45:00,NaN,NaN,NaN
27-Sep-2016 12:00:00,NaN,NaN,NaN
27-Sep-2016 12:15:00,NaN,NaN,NaN
27-Sep-2016 12:30:00,NaN,NaN,NaN
27-Sep-2016 12:45:00,NaN,NaN,NaN
27-Sep-2016 13:00:00,NaN,NaN,NaN
27-Sep-2016 13:15:00,NaN,NaN,NaN
27-Sep-2016 13:30:00,NaN,NaN,NaN
27-Sep-2016 13:45:00,NaN,NaN,NaN
27-Sep-2016 14:00:00,NaN,NaN,NaN
27-Sep-2016 14:15:00,NaN,NaN,NaN
27-Sep-2016 14:30:00,NaN,NaN,NaN
27-Sep-2016 14:45:00,NaN,NaN,NaN
27-Sep-2016 15:00:00,NaN,NaN,NaN
27-Sep-2016 15:15:00,NaN,NaN,NaN
27-Sep-2016 15:30:00,NaN,NaN,NaN
27-Sep-2016 15:45:00,NaN,NaN,NaN
27-Sep-2016 16:00:00,NaN,NaN,NaN
27-Sep-2016 16:15:00,NaN,NaN,NaN
27-Sep-2016 16:30:00,NaN,NaN,NaN
27-Sep-2016 16:45:00,NaN,NaN,NaN
27-Sep-2016 17:00:00,NaN,NaN,NaN
27-Sep-2016 17:15:00,NaN,NaN,NaN
27-Sep-2016 17:30:00,NaN,NaN,NaN
27-Sep-2016 17:45:00,NaN,NaN,NaN
27-Sep-2016 18:00:00,NaN,NaN,NaN
27-Sep-2016 18:15:00,NaN,NaN,NaN
27-Sep-2016 18:30:00,NaN,NaN,NaN
27-Sep-2016 18:45:00,NaN,NaN,NaN
27-Sep-2016 19:00:00,NaN,NaN,NaN
27-Sep-2016 19:15:00,NaN,NaN,NaN
27-Sep-2016 19:30:00,NaN,NaN,NaN
27-Sep-2016 19:45:00,NaN,NaN,NaN
27-Sep-2016 20:00:00,NaN,NaN,NaN
27-Sep-2016 20:15:00,NaN,NaN,NaN
27-Sep-2016 20:30:00,NaN,NaN,NaN
27-Sep-2016 20:45:00,NaN,NaN,NaN
27-Sep-2016 21:00:00,NaN,NaN,NaN
27-Sep-2016 21:15:00,NaN,NaN,NaN
27-Sep-2016 21:30:00,NaN,NaN,NaN
27-Sep-2016 21:45:00,NaN,NaN,NaN
27-Sep-2016 22:00:00,NaN,NaN,NaN
27-Sep-2016 22:15:00,NaN,NaN,NaN
27-Sep-2016 22:30:00,NaN,NaN,NaN
27-Sep-2016 22:45:00,NaN,NaN,NaN
27-Sep-2016 23:00:00,NaN,NaN,NaN
27-Sep-2016 23:15:00,NaN,NaN,NaN
27-Sep-2016 23:30:00,NaN,NaN,NaN
27-Sep-2016 23:45:00,NaN,NaN,NaN
28-Sep-2016 00:00:00,NaN,NaN,NaN
28-Sep-2016 00:15:00,NaN,NaN,NaN
28-Sep-2016 00:30:00,NaN,NaN,NaN
28-Sep-2016 00:45:00,NaN,NaN,NaN
28-Sep-2016 01:00:00,NaN,NaN,NaN
28-Sep-2016 01:15:00,NaN,NaN,NaN
28-Sep-2016 01:30:00,NaN,NaN,NaN
28-Sep-2016 01:45:00,NaN,NaN,NaN
28-Sep-2016 02:00:00,NaN,NaN,NaN
28-Sep-2016 02:15:00,NaN,NaN,NaN
28-Sep-2016 02:30:00,NaN,NaN,NaN
28-Sep-2016 02:45:00,NaN,NaN,NaN
28-Sep-2016 03:00:00,NaN,NaN,NaN
28-Sep-2016 03:15:00,NaN,NaN,NaN
28-Sep-2016 03:30:00,NaN,NaN,NaN
28-Sep-2016 03:45:00,NaN,NaN,NaN
28-Sep-2016 04:00:00,NaN,NaN,NaN
28-Sep-2016 04:15:00,NaN,NaN,NaN
28-Sep-2016 04:30:00,NaN,NaN,NaN
28-Sep-2016 04:45:00,NaN,NaN,NaN
28-Sep-2016 05:00:00,NaN,NaN,NaN
28-Sep-2016 05:15:00,NaN,NaN,NaN
28-Sep-2016 05:30:00,NaN,NaN,NaN
28-Sep-2016 05:45:00,NaN,NaN,NaN
28-Sep-2016 06:00:00,NaN,NaN,NaN
28-Sep-2016 06:15:00,NaN,NaN,NaN
28-Sep-2016 06:30:00,NaN,NaN,NaN
28-Sep-2016 06:45:00,NaN,NaN,NaN
28-Sep-2016 07:00:00,NaN,NaN,NaN
28-Sep-2016 07:15:00,NaN,NaN,NaN
28-Sep-2016 07:30:00,NaN,NaN,NaN
28-Sep-2016 07:45:00,NaN,NaN,NaN
28-Sep-2016 08:00:00,NaN,NaN,NaN
28-Sep-2016 08:15:00,NaN,NaN,NaN
28-Sep-2016 08:30:00,NaN,NaN,NaN
28-Sep-2016 08:45:00,NaN,NaN,NaN
28-Sep-2016 09:00:00,NaN,NaN,NaN
28-Sep-2016 09:15:00,NaN,NaN,NaN
28-Sep-2016 09:30:00,NaN,NaN,NaN
28-Sep-2016 09:45:00,NaN,NaN,NaN
28-Sep-2016 10:00:00,NaN,NaN,NaN
28-Sep-2016 10:15:00,NaN,NaN,NaN
28-Sep-2016 10:30:00,NaN,NaN,NaN
28-Sep-2016 10:45:00,NaN,NaN,NaN
28-Sep-2016 11:00:00,NaN,NaN,NaN
28-Sep-2016 11:15:00,NaN,NaN,NaN
28-Sep-2016 11:30:00,NaN,NaN,NaN
28-Sep-2016 11:45:00,NaN,NaN,NaN
28-Sep-2016 12:00:00,NaN,NaN,NaN
28-Sep-2016 12:15:00,NaN,NaN,NaN
28-Sep-2016 12:30:00,NaN,NaN,NaN
28-Sep-2016 12:45:00,NaN,NaN,NaN
28-Sep-2016 13:00:00,NaN,NaN,NaN
28-Sep-2016 13:15:00,NaN,NaN,NaN
28-Sep-2016 13:30:00,NaN,NaN,NaN
28-Sep-2016 13:45:00,NaN,NaN,NaN
28-Sep-2016 14:00:00,NaN,NaN,NaN
28-Sep-2016 14:15:00,NaN,NaN,NaN
28-Sep-2016 14:30:00,NaN,NaN,NaN
28-Sep-2016 14:45:00,NaN,NaN,NaN
28-Sep-2016 15:00:00,NaN,NaN,NaN
28-Sep-2016 15:15:00,NaN,NaN,NaN
28-Sep-2016 15:30:00,NaN,NaN,NaN
28-Sep-2016 15:45:00,NaN,NaN,NaN
28-Sep-2016 16:00:00,NaN,NaN,NaN
28-Sep-2016 16:15:00,NaN,NaN,NaN
28-Sep-2016 16:30:00,NaN,NaN,NaN
28-Sep-2016 16:45:00,NaN,NaN,NaN
28-Sep-2016 17:00:00,NaN,NaN,NaN
28-Sep-2016 17:15:00,NaN,NaN,NaN
28-Sep-2016 17:30:00,NaN,NaN,NaN
28-Sep-2016 17:45:00,NaN,NaN,NaN
28-Sep-2016 18:00:00,NaN,NaN,NaN
28-Sep-2016 18:15:00,NaN,NaN,NaN
28-Sep-2016 18:30:00,NaN,NaN,NaN
28-Sep-2016 18:45:00,NaN,NaN,NaN
28-Sep-2016 19:00:00,NaN,NaN,NaN
28-Sep-2016 19:15:00,NaN,NaN,NaN
28-Sep-2016 19:30:00,NaN,NaN,NaN
28-Sep-2016 19:45:00,NaN,NaN,NaN
28-Sep-2016 20:00:00,NaN,NaN,NaN
28-Sep-2016 20:15:00,NaN,NaN,NaN
28-Sep-2016 20:30:00,NaN,NaN,NaN
28-Sep-2016 20:45:00,NaN,NaN,NaN
28-Sep-2016 21:00:00,NaN,NaN,NaN
28-Sep-2016 21:15:00,NaN,NaN,NaN
28-Sep-2016 21:30:00,NaN,NaN,NaN
28-Sep-2016 21:45:00,NaN,NaN,NaN
28-Sep-2016 22:00:00,NaN,NaN,NaN
28-Sep-2016 22:15:00,NaN,NaN,NaN
28-Sep-2016 22:30:00,NaN,NaN,NaN
28-Sep-2016 22:45:00,NaN,NaN,NaN
28-Sep-2016 23:00:00,NaN,NaN,NaN
28-Sep-2016 23:15:00,NaN,NaN,NaN
28-Sep-2016 23:30:00,NaN,NaN,NaN
28-Sep-2016 23:45:00,NaN,NaN,NaN
29-Sep-2016 00:00:00,NaN,NaN,NaN
29-Sep-2016 00:15:00,NaN,NaN,NaN
29-Sep-2016 00:30:00,NaN,NaN,NaN
29-Sep-2016 00:45:00,NaN,NaN,NaN
29-Sep-2016 01:00:00,NaN,NaN,NaN
29-Sep-2016 01:15:00,NaN,NaN,NaN
29-Sep-2016 01:30:00,NaN,NaN,NaN
29-Sep-2016 01:45:00,NaN,NaN,NaN
29-Sep-2016 02:00:00,NaN,NaN,NaN
29-Sep-2016 02:15:00,NaN,NaN,NaN
29-Sep-2016 02:30:00,NaN,NaN,NaN
29-Sep-2016 02:45:00,NaN,NaN,NaN
29-Sep-2016 03:00:00,NaN,NaN,NaN
29-Sep-2016 03:15:00,NaN,NaN,NaN
29-Sep-2016 03:30:00,NaN,NaN,NaN
29-Sep-2016 03:45:00,NaN,NaN,NaN
29-Sep-2016 04:00:00,NaN,NaN,NaN
29-Sep-2016 04:15:00,NaN,NaN,NaN
29-Sep-2016 04:30:00,NaN,NaN,NaN
29-Sep-2016 04:45:00,NaN,NaN,NaN
29-Sep-2016 05:00:00,NaN,NaN,NaN
29-Sep-2016 05:15:00,NaN,NaN,NaN
29-Sep-2016 05:30:00,NaN,NaN,NaN
29-Sep-2016 05:45:00,NaN,NaN,NaN
29-Sep-2016 06:00:00,NaN,NaN,NaN
29-Sep-2016 06:15:00,NaN,NaN,NaN
29-Sep-2016 06:30:00,NaN,NaN,NaN
29-Sep-2016 06:45:00,NaN,NaN,NaN
29-Sep-2016 07:00:00,NaN,NaN,NaN
29-Sep-2016 07:15:00,NaN,NaN,NaN
29-Sep-2016 07:30:00,NaN,NaN,NaN
29-Sep-2016 07:45:00,NaN,NaN,NaN
29-Sep-2016 08:00:00,NaN,NaN,NaN
29-Sep-2016 08:15:00,NaN,NaN,NaN
29-Sep-2016 08:30:00,NaN,NaN,NaN
29-Sep-2016 08:45:00,NaN,NaN,NaN
29-Sep-2016 09:00:00,NaN,NaN,NaN
29-Sep-2016 09:15:00,NaN,NaN,NaN
29-Sep-2016 09:30:00,NaN,NaN,NaN
29-Sep-2016 09:45:00,NaN,NaN,NaN
29-Sep-2016 10:00:00,NaN,NaN,NaN
29-Sep-2016 10:15:00,NaN,NaN,NaN
29-Sep-2016 10:30:00,NaN,NaN,NaN
29-Sep-2016 10:45:00,NaN,NaN,NaN
29-Sep-2016 11:00:00,NaN,NaN,NaN
29-Sep-2016 11:15:00,NaN,NaN,NaN
29-Sep-2016 11:30:00,NaN,NaN,NaN
29-Sep-2016 11:45:00,NaN,NaN,NaN
29-Sep-2016 12:00:00,NaN,NaN,NaN
29-Sep-2016 12:15:00,NaN,NaN,NaN
29-Sep-2016 12:30:00,NaN,NaN,NaN
29-Sep-2016 12:45:00,NaN,NaN,NaN
29-Sep-2016 13:00:00,NaN,NaN,NaN
29-Sep-2016 13:15:00,NaN,NaN,NaN
29-Sep-2016 13:30:00,NaN,NaN,NaN
29-Sep-2016 13:45:00,NaN,NaN,NaN
29-Sep-2016 14:00:00,NaN,NaN,NaN
29-Sep-2016 14:15:00,NaN,NaN,NaN
29-Sep-2016 14:30:00,NaN,NaN,NaN
29-Sep-2016 14:45:00,NaN,NaN,NaN
29-Sep-2016 15:00:00,NaN,NaN,NaN
29-Sep-2016 15:15:00,NaN,NaN,NaN
29-Sep-2016 15:30:00,NaN,NaN,NaN
29-Sep-2016 15:45:00,NaN,NaN,NaN
29-Sep-2016 16:00:00,NaN,NaN,NaN
29-Sep-2016 16:15:00,NaN,NaN,NaN
29-Sep-2016 16:30:00,NaN,NaN,NaN
29-Sep-2016 16:45:00,NaN,NaN,NaN
29-Sep-2016 17:00:00,NaN,NaN,NaN
29-Sep-2016 17:15:00,NaN,NaN,NaN
29-Sep-2016 17:30:00,NaN,NaN,NaN
29-Sep-2016 17:45:00,NaN,NaN,NaN
29-Sep-2016 18:00:00,NaN,NaN,NaN
29-Sep-2016 18:15:00,NaN,NaN,NaN
29-Sep-2016 18:30:00,NaN,NaN,NaN
29-Sep-2016 18:45:00,NaN,NaN,NaN
29-Sep-2016 19:00:00,NaN,NaN,NaN
29-Sep-2016 19:15:00,NaN,NaN,NaN
29-Sep-2016 19:30:00,NaN,NaN,NaN
29-Sep-2016 19:45:00,NaN,NaN,NaN
29-Sep-2016 20:00:00,NaN,NaN,NaN
29-Sep-2016 20:15:00,NaN,NaN,NaN
29-Sep-2016 20:30:00,NaN,NaN,NaN
29-Sep-2016 20:45:00,NaN,NaN,NaN
29-Sep-2016 21:00:00,NaN,NaN,NaN
29-Sep-2016 21:15:00,NaN,NaN,NaN
29-Sep-2016 21:30:00,NaN,NaN,NaN
29-Sep-2016 21:45:00,NaN,NaN,NaN
29-Sep-2016 22:00:00,NaN,NaN,NaN
29-Sep-2016 22:15:00,NaN,NaN,NaN
29-Sep-2016 22:30:00,NaN,NaN,NaN
29-Sep-2016 22:45:00,NaN,NaN,NaN
29-Sep-2016 23:00:00,NaN,NaN,NaN
29-Sep-2016 23:15:00,NaN,NaN,NaN
29-Sep-2016 23:30:00,NaN,NaN,NaN
29-Sep-2016 23:45:00,NaN,NaN,NaN
30-Sep-2016 00:00:00,NaN,NaN,NaN
30-Sep-2016 00:15:00,NaN,NaN,NaN
30-Sep-2016 00:30:00,NaN,NaN,NaN
30-Sep-2016 00:45:00,NaN,NaN,NaN
30-Sep-2016 01:00:00,NaN,NaN,NaN
30-Sep-2016 01:15:00,NaN,NaN,NaN
30-Sep-2016 01:30:00,NaN,NaN,NaN
30-Sep-2016 01:45:00,NaN,NaN,NaN
30-Sep-2016 02:00:00,NaN,NaN,NaN
30-Sep-2016 02:15:00,NaN,NaN,NaN
30-Sep-2016 02:30:00,NaN,NaN,NaN
30-Sep-2016 02:45:00,NaN,NaN,NaN
30-Sep-2016 03:00:00,NaN,NaN,NaN
30-Sep-2016 03:15:00,NaN,NaN,NaN
30-Sep-2016 03:30:00,NaN,NaN,NaN
30-Sep-2016 03:45:00,NaN,NaN,NaN
30-Sep-2016 04:00:00,NaN,NaN,NaN
30-Sep-2016 04:15:00,NaN,NaN,NaN
30-Sep-2016 04:30:00,NaN,NaN,NaN
30-Sep-2016 04:45:00,NaN,NaN,NaN
30-Sep-2016 05:00:00,NaN,NaN,NaN
30-Sep-2016 05:15:00,NaN,NaN,NaN
30-Sep-2016 05:30:00,NaN,NaN,NaN
30-Sep-2016 05:45:00,NaN,NaN,NaN
30-Sep-2016 06:00:00,NaN,NaN,NaN
30-Sep-2016 06:15:00,NaN,NaN,NaN
30-Sep-2016 06:30:00,NaN,NaN,NaN
30-Sep-2016 06:45:00,NaN,NaN,NaN
30-Sep-2016 07:00:00,NaN,NaN,NaN
30-Sep-2016 07:15:00,NaN,NaN,NaN
30-Sep-2016 07:30:00,NaN,NaN,NaN
30-Sep-2016 07:45:00,NaN,NaN,NaN
30-Sep-2016 08:00:00,NaN,NaN,NaN
30-Sep-2016 08:15:00,NaN,NaN,NaN
30-Sep-2016 08:30:00,NaN,NaN,NaN
30-Sep-2016 08:45:00,NaN,NaN,NaN
30-Sep-2016 09:00:00,NaN,NaN,NaN
30-Sep-2016 09:15:00,NaN,NaN,NaN
30-Sep-2016 09:30:00,NaN,NaN,NaN
30-Sep-2016 09:45:00,NaN,NaN,NaN
30-Sep-2016 10:00:00,NaN,NaN,NaN
30-Sep-2016 10:15:00,NaN,NaN,NaN
30-Sep-2016 10:30:00,NaN,NaN,NaN
30-Sep-2016 10:45:00,NaN,NaN,NaN
30-Sep-2016 11:00:00,NaN,NaN,NaN
30-Sep-2016 11:15:00,NaN,NaN,NaN
30-Sep-2016 11:30:00,NaN,NaN,NaN
30-Sep-2016 11:45:00,NaN,NaN,NaN
30-Sep-2016 12:00:00,NaN,NaN,NaN
30-Sep-2016 12:15:00,NaN,NaN,NaN
30-Sep-2016 12:30:00,NaN,NaN,NaN
30-Sep-2016 12:45:00,NaN,NaN,NaN
30-Sep-2016 13:00:00,NaN,NaN,NaN
30-Sep-2016 13:15:00,NaN,NaN,NaN
30-Sep-2016 13:30:00,NaN,NaN,NaN
30-Sep-2016 13:45:00,NaN,NaN,NaN
30-Sep-2016 14:00:00,NaN,NaN,NaN
30-Sep-2016 14:15:00,NaN,NaN,NaN
30-Sep-2016 14:30:00,NaN,NaN,NaN
30-Sep-2016 14:45:00,NaN,NaN,NaN
30-Sep-2016 15:00:00,NaN,NaN,NaN
30-Sep-2016 15:15:00,NaN,NaN,NaN
30-Sep-2016 15:30:00,NaN,NaN,NaN
30-Sep-2016 15:45:00,NaN,NaN,NaN
30-Sep-2016 16:00:00,NaN,NaN,NaN
30-Sep-2016 16:15:00,NaN,NaN,NaN
30-Sep-2016 16:30:00,NaN,NaN,NaN
30-Sep-2016 16:45:00,NaN,NaN,NaN
30-Sep-2016 17:00:00,NaN,NaN,NaN
30-Sep-2016 17:15:00,NaN,NaN,NaN
30-Sep-2016 17:30:00,NaN,NaN,NaN
30-Sep-2016 17:45:00,NaN,NaN,NaN
30-Sep-2016 18:00:00,NaN,NaN,NaN
30-Sep-2016 18:15:00,NaN,NaN,NaN
30-Sep-2016 18:30:00,NaN,NaN,NaN
30-Sep-2016 18:45:00,NaN,NaN,NaN
30-Sep-2016 19:00:00,NaN,NaN,NaN
30-Sep-2016 19:15:00,NaN,NaN,NaN
30-Sep-2016 19:30:00,NaN,NaN,NaN
30-Sep-2016 19:45:00,NaN,NaN,NaN
30-Sep-2016 20:00:00,NaN,NaN,NaN
30-Sep-2016 20:15:00,NaN,NaN,NaN
30-Sep-2016 20:30:00,NaN,NaN,NaN
30-Sep-2016 20:45:00,NaN,NaN,NaN
30-Sep-2016 21:00:00,NaN,NaN,NaN
30-Sep-2016 21:15:00,NaN,NaN,NaN
30-Sep-2016 21:30:00,NaN,NaN,NaN
30-Sep-2016 21:45:00,NaN,NaN,NaN
30-Sep-2016 22:00:00,NaN,NaN,NaN
30-Sep-2016 22:15:00,NaN,NaN,NaN
30-Sep-2016 22:30:00,NaN,NaN,NaN
30-Sep-2016 22:45:00,NaN,NaN,NaN
30-Sep-2016 23:00:00,NaN,NaN,NaN
30-Sep-2016 23:15:00,NaN,NaN,NaN
30-Sep-2016 23:30:00,NaN,NaN,NaN
30-Sep-2016 23:45:00,NaN,NaN,NaN
01-Oct-2016 00:00:00,NaN,NaN,NaN
01-Oct-2016 00:15:00,NaN,NaN,NaN
01-Oct-2016 00:30:00,NaN,NaN,NaN
01-Oct-2016 00:45:00,NaN,NaN,NaN
01-Oct-2016 01:00:00,NaN,NaN,NaN
01-Oct-2016 01:15:00,NaN,NaN,NaN
01-Oct-2016 01:30:00,NaN,NaN,NaN
01-Oct-2016 01:45:00,NaN,NaN,NaN
01-Oct-2016 02:00:00,NaN,NaN,NaN
01-Oct-2016 02:15:00,NaN,NaN,NaN
01-Oct-2016 02:30:00,NaN,NaN,NaN
01-Oct-2016 02:45:00,NaN,NaN,NaN
01-Oct-2016 03:00:00,NaN,NaN,NaN
01-Oct-2016 03:15:00,NaN,NaN,NaN
01-Oct-2016 03:30:00,NaN,NaN,NaN
01-Oct-2016 03:45:00,NaN,NaN,NaN
01-Oct-2016 04:00:00,NaN,NaN,NaN
01-Oct-2016 04:15:00,NaN,NaN,NaN
01-Oct-2016 04:30:00,NaN,NaN,NaN
01-Oct-2016 04:45:00,NaN,NaN,NaN
01-Oct-2016 05:00:00,NaN,NaN,NaN
01-Oct-2016 05:15:00,NaN,NaN,NaN
01-Oct-2016 05:30:00,NaN,NaN,NaN
01-Oct-2016 05:45:00,NaN,NaN,NaN
01-Oct-2016 06:00:00,NaN,NaN,NaN
01-Oct-2016 06:15:00,NaN,NaN,NaN
01-Oct-2016 06:30:00,NaN,NaN,NaN
01-Oct-2016 06:45:00,NaN,NaN,NaN
01-Oct-2016 07:00:00,NaN,NaN,NaN
01-Oct-2016 07:15:00,NaN,NaN,NaN
01-Oct-2016 07:30:00,NaN,NaN,NaN
01-Oct-2016 07:45:00,NaN,NaN,NaN
01-Oct-2016 08:00:00,NaN,NaN,NaN
01-Oct-2016 08:15:00,NaN,NaN,NaN
01-Oct-2016 08:30:00,NaN,NaN,NaN
01-Oct-2016 08:45:00,NaN,NaN,NaN
01-Oct-2016 09:00:00,NaN,NaN,NaN
01-Oct-2016 09:15:00,NaN,NaN,NaN
01-Oct-2016 09:30:00,NaN,NaN,NaN
01-Oct-2016 09:45:00,NaN,NaN,NaN
01-Oct-2016 10:00:00,NaN,NaN,NaN
01-Oct-2016 10:15:00,NaN,NaN,NaN
01-Oct-2016 10:30:00,NaN,NaN,NaN
01-Oct-2016 10:45:00,NaN,NaN,NaN
01-Oct-2016 11:00:00,NaN,NaN,NaN
01-Oct-2016 11:15:00,NaN,NaN,NaN
01-Oct-2016 11:30:00,NaN,NaN,NaN
01-Oct-2016 11:45:00,NaN,NaN,NaN
01-Oct-2016 12:00:00,NaN,NaN,NaN
01-Oct-2016 12:15:00,NaN,NaN,NaN
01-Oct-2016 12:30:00,NaN,NaN,NaN
01-Oct-2016 12:45:00,NaN,NaN,NaN
01-Oct-2016 13:00:00,NaN,NaN,NaN
01-Oct-2016 13:15:00,NaN,NaN,NaN
01-Oct-2016 13:30:00,NaN,NaN,NaN
01-Oct-2016 13:45:00,NaN,NaN,NaN
01-Oct-2016 14:00:00,NaN,NaN,NaN
01-Oct-2016 14:15:00,NaN,NaN,NaN
01-Oct-2016 14:30:00,NaN,NaN,NaN
01-Oct-2016 14:45:00,NaN,NaN,NaN
01-Oct-2016 15:00:00,NaN,NaN,NaN
01-Oct-2016 15:15:00,NaN,NaN,NaN
01-Oct-2016 15:30:00,NaN,NaN,NaN
01-Oct-2016 15:45:00,NaN,NaN,NaN
01-Oct-2016 16:00:00,NaN,NaN,NaN
01-Oct-2016 16:15:00,NaN,NaN,NaN
01-Oct-2016 16:30:00,NaN,NaN,NaN
01-Oct-2016 16:45:00,NaN,NaN,NaN
01-Oct-2016 17:00:00,NaN,NaN,NaN
01-Oct-2016 17:15:00,NaN,NaN,NaN
01-Oct-2016 17:30:00,NaN,NaN,NaN
01-Oct-2016 17:45:00,NaN,NaN,NaN
01-Oct-2016 18:00:00,NaN,NaN,NaN
01-Oct-2016 18:15:00,NaN,NaN,NaN
01-Oct-2016 18:30:00,NaN,NaN,NaN
01-Oct-2016 18:45:00,NaN,NaN,NaN
01-Oct-2016 19:00:00,NaN,NaN,NaN
01-Oct-2016 19:15:00,NaN,NaN,NaN
01-Oct-2016 19:30:00,NaN,NaN,NaN
01-Oct-2016 19:45:00,NaN,NaN,NaN
01-Oct-2016 20:00:00,NaN,NaN,NaN
01-Oct-2016 20:15:00,NaN,NaN,NaN
01-Oct-2016 20:30:00,NaN,NaN,NaN
01-Oct-2016 20:45:00,NaN,NaN,NaN
01-Oct-2016 21:00:00,NaN,NaN,NaN
01-Oct-2016 21:15:00,NaN,NaN,NaN
01-Oct-2016 21:30:00,NaN,NaN,NaN
01-Oct-2016 21:45:00,NaN,NaN,NaN
01-Oct-2016 22:00:00,NaN,NaN,NaN
01-Oct-2016 22:15:00,NaN,NaN,NaN
01-Oct-2016 22:30:00,NaN,NaN,NaN
01-Oct-2016 22:45:00,NaN,NaN,NaN
01-Oct-2016 23:00:00,NaN,NaN,NaN
01-Oct-2016 23:15:00,NaN,NaN,NaN
01-Oct-2016 23:30:00,NaN,NaN,NaN
01-Oct-2016 23:45:00,NaN,NaN,NaN
02-Oct-2016 00:00:00,NaN,NaN,NaN
02-Oct-2016 00:15:00,NaN,NaN,NaN
02-Oct-2016 00:30:00,NaN,NaN,NaN
02-Oct-2016 00:45:00,NaN,NaN,NaN
02-Oct-2016 01:00:00,NaN,NaN,NaN
02-Oct-2016 01:15:00,NaN,NaN,NaN
02-Oct-2016 01:30:00,NaN,NaN,NaN
02-Oct-2016 01:45:00,NaN,NaN,NaN
02-Oct-2016 02:00:00,NaN,NaN,NaN
02-Oct-2016 02:15:00,NaN,NaN,NaN
02-Oct-2016 02:30:00,NaN,NaN,NaN
02-Oct-2016 02:45:00,NaN,NaN,NaN
02-Oct-2016 03:00:00,NaN,NaN,NaN
02-Oct-2016 03:15:00,NaN,NaN,NaN
02-Oct-2016 03:30:00,NaN,NaN,NaN
02-Oct-2016 03:45:00,NaN,NaN,NaN
02-Oct-2016 04:00:00,NaN,NaN,NaN
02-Oct-2016 04:15:00,NaN,NaN,NaN
02-Oct-2016 04:30:00,NaN,NaN,NaN
02-Oct-2016 04:45:00,NaN,NaN,NaN
02-Oct-2016 05:00:00,NaN,NaN,NaN
02-Oct-2016 05:15:00,NaN,NaN,NaN
02-Oct-2016 05:30:00,NaN,NaN,NaN
02-Oct-2016 05:45:00,NaN,NaN,NaN
02-Oct-2016 06:00:00,NaN,NaN,NaN
02-Oct-2016 06:15:00,NaN,NaN,NaN
02-Oct-2016 06:30:00,NaN,NaN,NaN
02-Oct-2016 06:45:00,NaN,NaN,NaN
02-Oct-2016 07:00:00,NaN,NaN,NaN
02-Oct-2016 07:15:00,NaN,NaN,NaN
02-Oct-2016 07:30:00,NaN,NaN,NaN
02-Oct-2016 07:45:00,NaN,NaN,NaN
02-Oct-2016 08:00:00,NaN,NaN,NaN
02-Oct-2016 08:15:00,NaN,NaN,NaN
02-Oct-2016 08:30:00,NaN,NaN,NaN
02-Oct-2016 08:45:00,NaN,NaN,NaN
02-Oct-2016 09:00:00,NaN,NaN,NaN
02-Oct-2016 09:15:00,NaN,NaN,NaN
02-Oct-2016 09:30:00,NaN,NaN,NaN
02-Oct-2016 09:45:00,NaN,NaN,NaN
02-Oct-2016 10:00:00,NaN,NaN,NaN
02-Oct-2016 10:15:00,NaN,NaN,NaN
02-Oct-2016 10:30:00,NaN,NaN,NaN
02-Oct-2016 10:45:00,NaN,NaN,NaN
02-Oct-2016 11:00:00,NaN,NaN,NaN
02-Oct-2016 11:15:00,NaN,NaN,NaN
02-Oct-2016 11:30:00,NaN,NaN,NaN
02-Oct-2016 11:45:00,NaN,NaN,NaN
02-Oct-2016 12:00:00,NaN,NaN,NaN
02-Oct-2016 12:15:00,NaN,NaN,NaN
02-Oct-2016 12:30:00,NaN,NaN,NaN
02-Oct-2016 12:45:00,NaN,NaN,NaN
02-Oct-2016 13:00:00,NaN,NaN,NaN
02-Oct-2016 13:15:00,NaN,NaN,NaN
02-Oct-2016 13:30:00,NaN,NaN,NaN
02-Oct-2016 13:45:00,NaN,NaN,NaN
02-Oct-2016 14:00:00,NaN,NaN,NaN
02-Oct-2016 14:15:00,NaN,NaN,NaN
02-Oct-2016 14:30:00,NaN,NaN,NaN
02-Oct-2016 14:45:00,NaN,NaN,NaN
02-Oct-2016 15:00:00,NaN,NaN,NaN
02-Oct-2016 15:15:00,NaN,NaN,NaN
02-Oct-2016 15:30:00,NaN,NaN,NaN
02-Oct-2016 15:45:00,NaN,NaN,NaN
02-Oct-2016 16:00:00,NaN,NaN,NaN
02-Oct-2016 16:15:00,NaN,NaN,NaN
02-Oct-2016 16:30:00,NaN,NaN,NaN
02-Oct-2016 16:45:00,NaN,NaN,NaN
02-Oct-2016 17:00:00,NaN,NaN,NaN
02-Oct-2016 17:15:00,NaN,NaN,NaN
02-Oct-2016 17:30:00,NaN,NaN,NaN
02-Oct-2016 17:45:00,NaN,NaN,NaN
02-Oct-2016 18:00:00,NaN,NaN,NaN
02-Oct-2016 18:15:00,NaN,NaN,NaN
02-Oct-2016 18:30:00,NaN,NaN,NaN
02-Oct-2016 18:45:00,NaN,NaN,NaN
02-Oct-2016 19:00:00,NaN,NaN,NaN
02-Oct-2016 19:15:00,NaN,NaN,NaN
02-Oct-2016 19:30:00,NaN,NaN,NaN
02-Oct-2016 19:45:00,NaN,NaN,NaN
02-Oct-2016 20:00:00,NaN,NaN,NaN
02-Oct-2016 20:15:00,NaN,NaN,NaN
02-Oct-2016 20:30:00,NaN,NaN,NaN
02-Oct-2016 20:45:00,NaN,NaN,NaN
02-Oct-2016 21:00:00,NaN,NaN,NaN
02-Oct-2016 21:15:00,NaN,NaN,NaN
02-Oct-2016 21:30:00,NaN,NaN,NaN
02-Oct-2016 21:45:00,NaN,NaN,NaN
02-Oct-2016 22:00:00,NaN,NaN,NaN
02-Oct-2016 22:15:00,NaN,NaN,NaN
02-Oct-2016 22:30:00,NaN,NaN,NaN
02-Oct-2016 22:45:00,NaN,NaN,NaN
02-Oct-2016 23:00:00,NaN,NaN,NaN
02-Oct-2016 23:15:00,NaN,NaN,NaN
02-Oct-2016 23:30:00,NaN,NaN,NaN
02-Oct-2016 23:45:00,NaN,NaN,NaN
03-Oct-2016 00:00:00,NaN,NaN,NaN
03-Oct-2016 00:15:00,NaN,NaN,NaN
03-Oct-2016 00:30:00,NaN,NaN,NaN
03-Oct-2016 00:45:00,NaN,NaN,NaN
03-Oct-2016 01:00:00,NaN,NaN,NaN
03-Oct-2016 01:15:00,NaN,NaN,NaN
03-Oct-2016 01:30:00,NaN,NaN,NaN
03-Oct-2016 01:45:00,NaN,NaN,NaN
03-Oct-2016 02:00:00,NaN,NaN,NaN
03-Oct-2016 02:15:00,NaN,NaN,NaN
03-Oct-2016 02:30:00,NaN,NaN,NaN
03-Oct-2016 02:45:00,NaN,NaN,NaN
03-Oct-2016 03:00:00,NaN,NaN,NaN
03-Oct-2016 03:15:00,NaN,NaN,NaN
03-Oct-2016 03:30:00,NaN,NaN,NaN
03-Oct-2016 03:45:00,NaN,NaN,NaN
03-Oct-2016 04:00:00,NaN,NaN,NaN
03-Oct-2016 04:15:00,NaN,NaN,NaN
03-Oct-2016 04:30:00,NaN,NaN,NaN
03-Oct-2016 04:45:00,NaN,NaN,NaN
03-Oct-2016 05:00:00,NaN,NaN,NaN
03-Oct-2016 05:15:00,NaN,NaN,NaN
03-Oct-2016 05:30:00,NaN,NaN,NaN
03-Oct-2016 05:45:00,NaN,NaN,NaN
03-Oct-2016 06:00:00,NaN,NaN,NaN
03-Oct-2016 06:15:00,NaN,NaN,NaN
03-Oct-2016 06:30:00,NaN,NaN,NaN
03-Oct-2016 06:45:00,NaN,NaN,NaN
03-Oct-2016 07:00:00,NaN,NaN,NaN
03-Oct-2016 07:15:00,NaN,NaN,NaN
03-Oct-2016 07:30:00,NaN,NaN,NaN
03-Oct-2016 07:45:00,NaN,NaN,NaN
03-Oct-2016 08:00:00,NaN,NaN,NaN
03-Oct-2016 08:15:00,NaN,NaN,NaN
03-Oct-2016 08:30:00,NaN,NaN,NaN
03-Oct-2016 08:45:00,NaN,NaN,NaN
03-Oct-2016 09:00:00,NaN,NaN,NaN
03-Oct-2016 09:15:00,NaN,NaN,NaN
03-Oct-2016 09:30:00,NaN,NaN,NaN
03-Oct-2016 09:45:00,NaN,NaN,NaN
03-Oct-2016 10:00:00,NaN,NaN,NaN
03-Oct-2016 10:15:00,NaN,NaN,NaN
03-Oct-2016 10:30:00,NaN,NaN,NaN
03-Oct-2016 10:45:00,NaN,NaN,NaN
03-Oct-2016 11:00:00,NaN,NaN,NaN
03-Oct-2016 11:15:00,NaN,NaN,NaN
03-Oct-2016 11:30:00,NaN,NaN,NaN
03-Oct-2016 11:45:00,NaN,NaN,NaN
03-Oct-2016 12:00:00,NaN,NaN,NaN
03-Oct-2016 12:15:00,NaN,NaN,NaN
03-Oct-2016 12:30:00,NaN,NaN,NaN
03-Oct-2016 12:45:00,NaN,NaN,NaN
03-Oct-2016 13:00:00,NaN,NaN,NaN
03-Oct-2016 13:15:00,NaN,NaN,NaN
03-Oct-2016 13:30:00,NaN,NaN,NaN
03-Oct-2016 13:45:00,NaN,NaN,NaN
03-Oct-2016 14:00:00,NaN,NaN,NaN
03-Oct-2016 14:15:00,NaN,NaN,NaN
03-Oct-2016 14:30:00,NaN,NaN,NaN
03-Oct-2016 14:45:00,NaN,NaN,NaN
03-Oct-2016 15:00:00,NaN,NaN,NaN
03-Oct-2016 15:15:00,NaN,NaN,NaN
03-Oct-2016 15:30:00,NaN,NaN,NaN
03-Oct-2016 15:45:00,NaN,NaN,NaN
03-Oct-2016 16:00:00,NaN,NaN,NaN
03-Oct-2016 16:15:00,NaN,NaN,NaN
03-Oct-2016 16:30:00,NaN,NaN,NaN
03-Oct-2016 16:45:00,NaN,NaN,NaN
03-Oct-2016 17:00:00,NaN,NaN,NaN
03-Oct-2016 17:15:00,NaN,NaN,NaN
03-Oct-2016 17:30:00,NaN,NaN,NaN
03-Oct-2016 17:45:00,NaN,NaN,NaN
03-Oct-2016 18:00:00,NaN,NaN,NaN
03-Oct-2016 18:15:00,NaN,NaN,NaN
03-Oct-2016 18:30:00,NaN,NaN,NaN
03-Oct-2016 18:45:00,NaN,NaN,NaN
03-Oct-2016 19:00:00,NaN,NaN,NaN
03-Oct-2016 19:15:00,NaN,NaN,NaN
03-Oct-2016 19:30:00,NaN,NaN,NaN
03-Oct-2016 19:45:00,NaN,NaN,NaN
03-Oct-2016 20:00:00,NaN,NaN,NaN
03-Oct-2016 20:15:00,NaN,NaN,NaN
03-Oct-2016 20:30:00,NaN,NaN,NaN
03-Oct-2016 20:45:00,NaN,NaN,NaN
03-Oct-2016 21:00:00,NaN,NaN,NaN
03-Oct-2016 21:15:00,NaN,NaN,NaN
03-Oct-2016 21:30:00,NaN,NaN,NaN
03-Oct-2016 21:45:00,NaN,NaN,NaN
03-Oct-2016 22:00:00,NaN,NaN,NaN
03-Oct-2016 22:15:00,NaN,NaN,NaN
03-Oct-2016 22:30:00,NaN,NaN,NaN
03-Oct-2016 22:45:00,NaN,NaN,NaN
03-Oct-2016 23:00:00,NaN,NaN,NaN
03-Oct-2016 23:15:00,NaN,NaN,NaN
03-Oct-2016 23:30:00,NaN,NaN,NaN
03-Oct-2016 23:45:00,NaN,NaN,NaN
04-Oct-2016 00:00:00,NaN,NaN,NaN
04-Oct-2016 00:15:00,NaN,NaN,NaN
04-Oct-2016 00:30:00,NaN,NaN,NaN
04-Oct-2016 00:45:00,NaN,NaN,NaN
04-Oct-2016 01:00:00,NaN,NaN,NaN
04-Oct-2016 01:15:00,NaN,NaN,NaN
04-Oct-2016 01:30:00,NaN,NaN,NaN
04-Oct-2016 01:45:00,NaN,NaN,NaN
04-Oct-2016 02:00:00,NaN,NaN,NaN
04-Oct-2016 02:15:00,NaN,NaN,NaN
04-Oct-2016 02:30:00,NaN,NaN,NaN
04-Oct-2016 02:45:00,NaN,NaN,NaN
04-Oct-2016 03:00:00,NaN,NaN,NaN
04-Oct-2016 03:15:00,NaN,NaN,NaN
04-Oct-2016 03:30:00,NaN,NaN,NaN
04-Oct-2016 03:45:00,NaN,NaN,NaN
04-Oct-2016 04:00:00,NaN,NaN,NaN
04-Oct-2016 04:15:00,NaN,NaN,NaN
04-Oct-2016 04:30:00,NaN,NaN,NaN
04-Oct-2016 04:45:00,NaN,NaN,NaN
04-Oct-2016 05:00:00,NaN,NaN,NaN
04-Oct-2016 05:15:00,NaN,NaN,NaN
04-Oct-2016 05:30:00,NaN,NaN,NaN
04-Oct-2016 05:45:00,NaN,NaN,NaN
04-Oct-2016 06:00:00,NaN,NaN,NaN
04-Oct-2016 06:15:00,NaN,NaN,NaN
04-Oct-2016 06:30:00,NaN,NaN,NaN
04-Oct-2016 06:45:00,NaN,NaN,NaN
04-Oct-2016 07:00:00,NaN,NaN,NaN
04-Oct-2016 07:15:00,NaN,NaN,NaN
04-Oct-2016 07:30:00,NaN,NaN,NaN
04-Oct-2016 07:45:00,NaN,NaN,NaN
04-Oct-2016 08:00:00,NaN,NaN,NaN
04-Oct-2016 08:15:00,NaN,NaN,NaN
04-Oct-2016 08:30:00,NaN,NaN,NaN
04-Oct-2016 08:45:00,NaN,NaN,NaN
04-Oct-2016 09:00:00,NaN,NaN,NaN
04-Oct-2016 09:15:00,NaN,NaN,NaN
04-Oct-2016 09:30:00,NaN,NaN,NaN
04-Oct-2016 09:45:00,NaN,NaN,NaN
04-Oct-2016 10:00:00,NaN,NaN,NaN
04-Oct-2016 10:15:00,NaN,NaN,NaN
04-Oct-2016 10:30:00,NaN,NaN,NaN
04-Oct-2016 10:45:00,NaN,NaN,NaN
04-Oct-2016 11:00:00,NaN,NaN,NaN
04-Oct-2016 11:15:00,NaN,NaN,NaN
04-Oct-2016 11:30:00,NaN,NaN,NaN
04-Oct-2016 11:45:00,NaN,NaN,NaN
04-Oct-2016 12:00:00,NaN,NaN,NaN
04-Oct-2016 12:15:00,NaN,NaN,NaN
04-Oct-2016 12:30:00,NaN,NaN,NaN
04-Oct-2016 12:45:00,NaN,NaN,NaN
04-Oct-2016 13:00:00,NaN,NaN,NaN
04-Oct-2016 13:15:00,NaN,NaN,NaN
04-Oct-2016 13:30:00,NaN,NaN,NaN
04-Oct-2016 13:45:00,NaN,NaN,NaN
04-Oct-2016 14:00:00,NaN,NaN,NaN
04-Oct-2016 14:15:00,NaN,NaN,NaN
04-Oct-2016 14:30:00,NaN,NaN,NaN
04-Oct-2016 14:45:00,NaN,NaN,NaN
04-Oct-2016 15:00:00,NaN,NaN,NaN
04-Oct-2016 15:15:00,NaN,NaN,NaN
04-Oct-2016 15:30:00,NaN,NaN,NaN
04-Oct-2016 15:45:00,NaN,NaN,NaN
04-Oct-2016 16:00:00,NaN,NaN,NaN
04-Oct-2016 16:15:00,NaN,NaN,NaN
04-Oct-2016 16:30:00,NaN,NaN,NaN
04-Oct-2016 16:45:00,NaN,NaN,NaN
04-Oct-2016 17:00:00,NaN,NaN,NaN
04-Oct-2016 17:15:00,NaN,NaN,NaN
04-Oct-2016 17:30:00,NaN,NaN,NaN
04-Oct-2016 17:45:00,NaN,NaN,NaN
04-Oct-2016 18:00:00,NaN,NaN,NaN
04-Oct-2016 18:15:00,NaN,NaN,NaN
04-Oct-2016 18:30:00,NaN,NaN,NaN
04-Oct-2016 18:45:00,NaN,NaN,NaN
04-Oct-2016 19:00:00,NaN,NaN,NaN
04-Oct-2016 19:15:00,NaN,NaN,NaN
04-Oct-2016 19:30:00,NaN,NaN,NaN
04-Oct-2016 19:45:00,NaN,NaN,NaN
04-Oct-2016 20:00:00,NaN,NaN,NaN
04-Oct-2016 20:15:00,NaN,NaN,NaN
04-Oct-2016 20:30:00,NaN,NaN,NaN
04-Oct-2016 20:45:00,NaN,NaN,NaN
04-Oct-2016 21:00:00,NaN,NaN,NaN
04-Oct-2016 21:15:00,NaN,NaN,NaN
04-Oct-2016 21:30:00,NaN,NaN,NaN
04-Oct-2016 21:45:00,NaN,NaN,NaN
04-Oct-2016 22:00:00,NaN,NaN,NaN
04-Oct-2016 22:15:00,NaN,NaN,NaN
04-Oct-2016 22:30:00,NaN,NaN,NaN
04-Oct-2016 22:45:00,NaN,NaN,NaN
04-Oct-2016 23:00:00,NaN,NaN,NaN
04-Oct-2016 23:15:00,NaN,NaN,NaN
04-Oct-2016 23:30:00,NaN,NaN,NaN
04-Oct-2016 23:45:00,NaN,NaN,NaN
05-Oct-2016 00:00:00,NaN,NaN,NaN
05-Oct-2016 00:15:00,NaN,NaN,NaN
05-Oct-2016 00:30:00,NaN,NaN,NaN
05-Oct-2016 00:45:00,NaN,NaN,NaN
05-Oct-2016 01:00:00,NaN,NaN,NaN
05-Oct-2016 01:15:00,NaN,NaN,NaN
05-Oct-2016 01:30:00,NaN,NaN,NaN
05-Oct-2016 01:45:00,NaN,NaN,NaN
05-Oct-2016 02:00:00,NaN,NaN,NaN
05-Oct-2016 02:15:00,NaN,NaN,NaN
05-Oct-2016 02:30:00,NaN,NaN,NaN
05-Oct-2016 02:45:00,NaN,NaN,NaN
05-Oct-2016 03:00:00,NaN,NaN,NaN
05-Oct-2016 03:15:00,NaN,NaN,NaN
05-Oct-2016 03:30:00,NaN,NaN,NaN
05-Oct-2016 03:45:00,NaN,NaN,NaN
05-Oct-2016 04:00:00,NaN,NaN,NaN
05-Oct-2016 04:15:00,NaN,NaN,NaN
05-Oct-2016 04:30:00,NaN,NaN,NaN
05-Oct-2016 04:45:00,NaN,NaN,NaN
05-Oct-2016 05:00:00,NaN,NaN,NaN
05-Oct-2016 05:15:00,NaN,NaN,NaN
05-Oct-2016 05:30:00,NaN,NaN,NaN
05-Oct-2016 05:45:00,NaN,NaN,NaN
05-Oct-2016 06:00:00,NaN,NaN,NaN
05-Oct-2016 06:15:00,NaN,NaN,NaN
05-Oct-2016 06:30:00,NaN,NaN,NaN
05-Oct-2016 06:45:00,NaN,NaN,NaN
05-Oct-2016 07:00:00,NaN,NaN,NaN
05-Oct-2016 07:15:00,NaN,NaN,NaN
05-Oct-2016 07:30:00,NaN,NaN,NaN
05-Oct-2016 07:45:00,NaN,NaN,NaN
05-Oct-2016 08:00:00,NaN,NaN,NaN
05-Oct-2016 08:15:00,NaN,NaN,NaN
05-Oct-2016 08:30:00,NaN,NaN,NaN
05-Oct-2016 08:45:00,NaN,NaN,NaN
05-Oct-2016 09:00:00,NaN,NaN,NaN
05-Oct-2016 09:15:00,NaN,NaN,NaN
05-Oct-2016 09:30:00,NaN,NaN,NaN
05-Oct-2016 09:45:00,NaN,NaN,NaN
05-Oct-2016 10:00:00,NaN,NaN,NaN
05-Oct-2016 10:15:00,NaN,NaN,NaN
05-Oct-2016 10:30:00,NaN,NaN,NaN
05-Oct-2016 10:45:00,NaN,NaN,NaN
05-Oct-2016 11:00:00,NaN,NaN,NaN
05-Oct-2016 11:15:00,NaN,NaN,NaN
05-Oct-2016 11:30:00,NaN,NaN,NaN
05-Oct-2016 11:45:00,NaN,NaN,NaN
05-Oct-2016 12:00:00,NaN,NaN,NaN
05-Oct-2016 12:15:00,NaN,NaN,NaN
05-Oct-2016 12:30:00,NaN,NaN,NaN
05-Oct-2016 12:45:00,NaN,NaN,NaN
05-Oct-2016 13:00:00,NaN,NaN,NaN
05-Oct-2016 13:15:00,NaN,NaN,NaN
05-Oct-2016 13:30:00,NaN,NaN,NaN
05-Oct-2016 13:45:00,NaN,NaN,NaN
05-Oct-2016 14:00:00,NaN,NaN,NaN
05-Oct-2016 14:15:00,NaN,NaN,NaN
05-Oct-2016 14:30:00,NaN,NaN,NaN
05-Oct-2016 14:45:00,NaN,NaN,NaN
05-Oct-2016 15:00:00,NaN,NaN,NaN
05-Oct-2016 15:15:00,NaN,NaN,NaN
05-Oct-2016 15:30:00,NaN,NaN,NaN
05-Oct-2016 15:45:00,NaN,NaN,NaN
05-Oct-2016 16:00:00,NaN,NaN,NaN
05-Oct-2016 16:15:00,NaN,NaN,NaN
05-Oct-2016 16:30:00,NaN,NaN,NaN
05-Oct-2016 16:45:00,NaN,NaN,NaN
05-Oct-2016 17:00:00,NaN,NaN,NaN
05-Oct-2016 17:15:00,NaN,NaN,NaN
05-Oct-2016 17:30:00,NaN,NaN,NaN
05-Oct-2016 17:45:00,NaN,NaN,NaN
05-Oct-2016 18:00:00,NaN,NaN,NaN
05-Oct-2016 18:15:00,NaN,NaN,NaN
05-Oct-2016 18:30:00,NaN,NaN,NaN
05-Oct-2016 18:45:00,NaN,NaN,NaN
05-Oct-2016 19:00:00,NaN,NaN,NaN
05-Oct-2016 19:15:00,NaN,NaN,NaN
05-Oct-2016 19:30:00,NaN,NaN,NaN
05-Oct-2016 19:45:00,NaN,NaN,NaN
05-Oct-2016 20:00:00,NaN,NaN,NaN
05-Oct-2016 20:15:00,NaN,NaN,NaN
05-Oct-2016 20:30:00,NaN,NaN,NaN
05-Oct-2016 20:45:00,NaN,NaN,NaN
05-Oct-2016 21:00:00,NaN,NaN,NaN
05-Oct-2016 21:15:00,NaN,NaN,NaN
05-Oct-2016 21:30:00,NaN,NaN,NaN
05-Oct-2016 21:45:00,NaN,NaN,NaN
05-Oct-2016 22:00:00,NaN,NaN,NaN
05-Oct-2016 22:15:00,NaN,NaN,NaN
05-Oct-2016 22:30:00,NaN,NaN,NaN
05-Oct-2016 22:45:00,NaN,NaN,NaN
05-Oct-2016 23:00:00,NaN,NaN,NaN
05-Oct-2016 23:15:00,NaN,NaN,NaN
05-Oct-2016 23:30:00,NaN,NaN,NaN
05-Oct-2016 23:45:00,NaN,NaN,NaN
06-Oct-2016 00:00:00,NaN,NaN,NaN
06-Oct-2016 00:15:00,NaN,NaN,NaN
06-Oct-2016 00:30:00,NaN,NaN,NaN
06-Oct-2016 00:45:00,NaN,NaN,NaN
06-Oct-2016 01:00:00,NaN,NaN,NaN
06-Oct-2016 01:15:00,NaN,NaN,NaN
06-Oct-2016 01:30:00,NaN,NaN,NaN
06-Oct-2016 01:45:00,NaN,NaN,NaN
06-Oct-2016 02:00:00,NaN,NaN,NaN
06-Oct-2016 02:15:00,NaN,NaN,NaN
06-Oct-2016 02:30:00,NaN,NaN,NaN
06-Oct-2016 02:45:00,NaN,NaN,NaN
06-Oct-2016 03:00:00,NaN,NaN,NaN
06-Oct-2016 03:15:00,NaN,NaN,NaN
06-Oct-2016 03:30:00,NaN,NaN,NaN
06-Oct-2016 03:45:00,NaN,NaN,NaN
06-Oct-2016 04:00:00,NaN,NaN,NaN
06-Oct-2016 04:15:00,NaN,NaN,NaN
06-Oct-2016 04:30:00,NaN,NaN,NaN
06-Oct-2016 04:45:00,NaN,NaN,NaN
06-Oct-2016 05:00:00,NaN,NaN,NaN
06-Oct-2016 05:15:00,NaN,NaN,NaN
06-Oct-2016 05:30:00,NaN,NaN,NaN
06-Oct-2016 05:45:00,NaN,NaN,NaN
06-Oct-2016 06:00:00,NaN,NaN,NaN
06-Oct-2016 06:15:00,NaN,NaN,NaN
06-Oct-2016 06:30:00,NaN,NaN,NaN
06-Oct-2016 06:45:00,NaN,NaN,NaN
06-Oct-2016 07:00:00,NaN,NaN,NaN
06-Oct-2016 07:15:00,NaN,NaN,NaN
06-Oct-2016 07:30:00,NaN,NaN,NaN
06-Oct-2016 07:45:00,NaN,NaN,NaN
06-Oct-2016 08:00:00,NaN,NaN,NaN
06-Oct-2016 08:15:00,NaN,NaN,NaN
06-Oct-2016 08:30:00,NaN,NaN,NaN
06-Oct-2016 08:45:00,NaN,NaN,NaN
06-Oct-2016 09:00:00,NaN,NaN,NaN
06-Oct-2016 09:15:00,NaN,NaN,NaN
06-Oct-2016 09:30:00,NaN,NaN,NaN
06-Oct-2016 09:45:00,NaN,NaN,NaN
06-Oct-2016 10:00:00,NaN,NaN,NaN
06-Oct-2016 10:15:00,NaN,NaN,NaN
06-Oct-2016 10:30:00,NaN,NaN,NaN
06-Oct-2016 10:45:00,NaN,NaN,NaN
06-Oct-2016 11:00:00,NaN,NaN,NaN
06-Oct-2016 11:15:00,NaN,NaN,NaN
06-Oct-2016 11:30:00,NaN,NaN,NaN
06-Oct-2016 11:45:00,NaN,NaN,NaN
06-Oct-2016 12:00:00,NaN,NaN,NaN
06-Oct-2016 12:15:00,NaN,NaN,NaN
06-Oct-2016 12:30:00,NaN,NaN,NaN
06-Oct-2016 12:45:00,NaN,NaN,NaN
06-Oct-2016 13:00:00,NaN,NaN,NaN
06-Oct-2016 13:15:00,NaN,NaN,NaN
06-Oct-2016 13:30:00,NaN,NaN,NaN
06-Oct-2016 13:45:00,NaN,NaN,NaN
06-Oct-2016 14:00:00,NaN,NaN,NaN
06-Oct-2016 14:15:00,NaN,NaN,NaN
06-Oct-2016 14:30:00,NaN,NaN,NaN
06-Oct-2016 14:45:00,NaN,NaN,NaN
06-Oct-2016 15:00:00,NaN,NaN,NaN
06-Oct-2016 15:15:00,NaN,NaN,NaN
06-Oct-2016 15:30:00,NaN,NaN,NaN
06-Oct-2016 15:45:00,NaN,NaN,NaN
06-Oct-2016 16:00:00,NaN,NaN,NaN
06-Oct-2016 16:15:00,NaN,NaN,NaN
06-Oct-2016 16:30:00,NaN,NaN,NaN
06-Oct-2016 16:45:00,NaN,NaN,NaN
06-Oct-2016 17:00:00,NaN,NaN,NaN
06-Oct-2016 17:15:00,NaN,NaN,NaN
06-Oct-2016 17:30:00,NaN,NaN,NaN
06-Oct-2016 17:45:00,NaN,NaN,NaN
06-Oct-2016 18:00:00,NaN,NaN,NaN
06-Oct-2016 18:15:00,NaN,NaN,NaN
06-Oct-2016 18:30:00,NaN,NaN,NaN
06-Oct-2016 18:45:00,NaN,NaN,NaN
06-Oct-2016 19:00:00,NaN,NaN,NaN
06-Oct-2016 19:15:00,NaN,NaN,NaN
06-Oct-2016 19:30:00,NaN,NaN,NaN
06-Oct-2016 19:45:00,NaN,NaN,NaN
06-Oct-2016 20:00:00,NaN,NaN,NaN
06-Oct-2016 20:15:00,NaN,NaN,NaN
06-Oct-2016 20:30:00,NaN,NaN,NaN
06-Oct-2016 20:45:00,NaN,NaN,NaN
06-Oct-2016 21:00:00,NaN,NaN,NaN
06-Oct-2016 21:15:00,NaN,NaN,NaN
06-Oct-2016 21:30:00,NaN,NaN,NaN
06-Oct-2016 21:45:00,NaN,NaN,NaN
06-Oct-2016 22:00:00,NaN,NaN,NaN
06-Oct-2016 22:15:00,NaN,NaN,NaN
06-Oct-2016 22:30:00,NaN,NaN,NaN
06-Oct-2016 22:45:00,NaN,NaN,NaN
06-Oct-2016 23:00:00,NaN,NaN,NaN
06-Oct-2016 23:15:00,NaN,NaN,NaN
06-Oct-2016 23:30:00,NaN,NaN,NaN
06-Oct-2016 23:45:00,NaN,NaN,NaN
07-Oct-2016 00:00:00,NaN,NaN,NaN
07-Oct-2016 00:15:00,NaN,NaN,NaN
07-Oct-2016 00:30:00,NaN,NaN,NaN
07-Oct-2016 00:45:00,NaN,NaN,NaN
07-Oct-2016 01:00:00,NaN,NaN,NaN
07-Oct-2016 01:15:00,NaN,NaN,NaN
07-Oct-2016 01:30:00,NaN,NaN,NaN
07-Oct-2016 01:45:00,NaN,NaN,NaN
07-Oct-2016 02:00:00,NaN,NaN,NaN
07-Oct-2016 02:15:00,NaN,NaN,NaN
07-Oct-2016 02:30:00,NaN,NaN,NaN
07-Oct-2016 02:45:00,NaN,NaN,NaN
07-Oct-2016 03:00:00,NaN,NaN,NaN
07-Oct-2016 03:15:00,NaN,NaN,NaN
07-Oct-2016 03:30:00,NaN,NaN,NaN
07-Oct-2016 03:45:00,NaN,NaN,NaN
07-Oct-2016 04:00:00,NaN,NaN,NaN
07-Oct-2016 04:15:00,NaN,NaN,NaN
07-Oct-2016 04:30:00,NaN,NaN,NaN
07-Oct-2016 04:45:00,NaN,NaN,NaN
07-Oct-2016 05:00:00,NaN,NaN,NaN
07-Oct-2016 05:15:00,NaN,NaN,NaN
07-Oct-2016 05:30:00,NaN,NaN,NaN
07-Oct-2016 05:45:00,NaN,NaN,NaN
07-Oct-2016 06:00:00,NaN,NaN,NaN
07-Oct-2016 06:15:00,NaN,NaN,NaN
07-Oct-2016 06:30:00,NaN,NaN,NaN
07-Oct-2016 06:45:00,NaN,NaN,NaN
07-Oct-2016 07:00:00,NaN,NaN,NaN
07-Oct-2016 07:15:00,NaN,NaN,NaN
07-Oct-2016 07:30:00,NaN,NaN,NaN
07-Oct-2016 07:45:00,NaN,NaN,NaN
07-Oct-2016 08:00:00,NaN,NaN,NaN
07-Oct-2016 08:15:00,NaN,NaN,NaN
07-Oct-2016 08:30:00,NaN,NaN,NaN
07-Oct-2016 08:45:00,NaN,NaN,NaN
07-Oct-2016 09:00:00,NaN,NaN,NaN
07-Oct-2016 09:15:00,NaN,NaN,NaN
07-Oct-2016 09:30:00,NaN,NaN,NaN
07-Oct-2016 09:45:00,NaN,NaN,NaN
07-Oct-2016 10:00:00,NaN,NaN,NaN
07-Oct-2016 10:15:00,NaN,NaN,NaN
07-Oct-2016 10:30:00,NaN,NaN,NaN
07-Oct-2016 10:45:00,NaN,NaN,NaN
07-Oct-2016 11:00:00,NaN,NaN,NaN
07-Oct-2016 11:15:00,NaN,NaN,NaN
07-Oct-2016 11:30:00,NaN,NaN,NaN
07-Oct-2016 11:45:00,NaN,NaN,NaN
07-Oct-2016 12:00:00,NaN,NaN,NaN
07-Oct-2016 12:15:00,NaN,NaN,NaN
07-Oct-2016 12:30:00,NaN,NaN,NaN
07-Oct-2016 12:45:00,NaN,NaN,NaN
07-Oct-2016 13:00:00,NaN,NaN,NaN
07-Oct-2016 13:15:00,NaN,NaN,NaN
07-Oct-2016 13:30:00,NaN,NaN,NaN
07-Oct-2016 13:45:00,NaN,NaN,NaN
07-Oct-2016 14:00:00,NaN,NaN,NaN
07-Oct-2016 14:15:00,NaN,NaN,NaN
07-Oct-2016 14:30:00,NaN,NaN,NaN
07-Oct-2016 14:45:00,NaN,NaN,NaN
07-Oct-2016 15:00:00,NaN,NaN,NaN
07-Oct-2016 15:15:00,NaN,NaN,NaN
07-Oct-2016 15:30:00,NaN,NaN,NaN
07-Oct-2016 15:45:00,NaN,NaN,NaN
07-Oct-2016 16:00:00,NaN,NaN,NaN
07-Oct-2016 16:15:00,NaN,NaN,NaN
07-Oct-2016 16:30:00,NaN,NaN,NaN
07-Oct-2016 16:45:00,NaN,NaN,NaN
07-Oct-2016 17:00:00,NaN,NaN,NaN
07-Oct-2016 17:15:00,NaN,NaN,NaN
07-Oct-2016 17:30:00,NaN,NaN,NaN
07-Oct-2016 17:45:00,NaN,NaN,NaN
07-Oct-2016 18:00:00,NaN,NaN,NaN
07-Oct-2016 18:15:00,NaN,NaN,NaN
07-Oct-2016 18:30:00,NaN,NaN,NaN
07-Oct-2016 18:45:00,NaN,NaN,NaN
07-Oct-2016 19:00:00,NaN,NaN,NaN
07-Oct-2016 19:15:00,NaN,NaN,NaN
07-Oct-2016 19:30:00,NaN,NaN,NaN
07-Oct-2016 19:45:00,NaN,NaN,NaN
07-Oct-2016 20:00:00,NaN,NaN,NaN
07-Oct-2016 20:15:00,NaN,NaN,NaN
07-Oct-2016 20:30:00,NaN,NaN,NaN
07-Oct-2016 20:45:00,NaN,NaN,NaN
07-Oct-2016 21:00:00,NaN,NaN,NaN
07-Oct-2016 21:15:00,NaN,NaN,NaN
07-Oct-2016 21:30:00,NaN,NaN,NaN
07-Oct-2016 21:45:00,NaN,NaN,NaN
07-Oct-2016 22:00:00,NaN,NaN,NaN
07-Oct-2016 22:15:00,NaN,NaN,NaN
07-Oct-2016 22:30:00,NaN,NaN,NaN
07-Oct-2016 22:45:00,NaN,NaN,NaN
07-Oct-2016 23:00:00,NaN,NaN,NaN
07-Oct-2016 23:15:00,NaN,NaN,NaN
07-Oct-2016 23:30:00,NaN,NaN,NaN
07-Oct-2016 23:45:00,NaN,NaN,NaN
08-Oct-2016 00:00:00,NaN,NaN,NaN
08-Oct-2016 00:15:00,NaN,NaN,NaN
08-Oct-2016 00:30:00,NaN,NaN,NaN
08-Oct-2016 00:45:00,NaN,NaN,NaN
08-Oct-2016 01:00:00,NaN,NaN,NaN
08-Oct-2016 01:15:00,NaN,NaN,NaN
08-Oct-2016 01:30:00,NaN,NaN,NaN
08-Oct-2016 01:45:00,NaN,NaN,NaN
08-Oct-2016 02:00:00,NaN,NaN,NaN
08-Oct-2016 02:15:00,NaN,NaN,NaN
08-Oct-2016 02:30:00,NaN,NaN,NaN
08-Oct-2016 02:45:00,NaN,NaN,NaN
08-Oct-2016 03:00:00,NaN,NaN,NaN
08-Oct-2016 03:15:00,NaN,NaN,NaN
08-Oct-2016 03:30:00,NaN,NaN,NaN
08-Oct-2016 03:45:00,NaN,NaN,NaN
08-Oct-2016 04:00:00,NaN,NaN,NaN
08-Oct-2016 04:15:00,NaN,NaN,NaN
08-Oct-2016 04:30:00,NaN,NaN,NaN
08-Oct-2016 04:45:00,NaN,NaN,NaN
08-Oct-2016 05:00:00,NaN,NaN,NaN
08-Oct-2016 05:15:00,NaN,NaN,NaN
08-Oct-2016 05:30:00,NaN,NaN,NaN
08-Oct-2016 05:45:00,NaN,NaN,NaN
08-Oct-2016 06:00:00,NaN,NaN,NaN
08-Oct-2016 06:15:00,NaN,NaN,NaN
08-Oct-2016 06:30:00,NaN,NaN,NaN
08-Oct-2016 06:45:00,NaN,NaN,NaN
08-Oct-2016 07:00:00,NaN,NaN,NaN
08-Oct-2016 07:15:00,NaN,NaN,NaN
08-Oct-2016 07:30:00,NaN,NaN,NaN
08-Oct-2016 07:45:00,NaN,NaN,NaN
08-Oct-2016 08:00:00,NaN,NaN,NaN
08-Oct-2016 08:15:00,NaN,NaN,NaN
08-Oct-2016 08:30:00,NaN,NaN,NaN
08-Oct-2016 08:45:00,NaN,NaN,NaN
08-Oct-2016 09:00:00,NaN,NaN,NaN
08-Oct-2016 09:15:00,NaN,NaN,NaN
08-Oct-2016 09:30:00,NaN,NaN,NaN
08-Oct-2016 09:45:00,NaN,NaN,NaN
08-Oct-2016 10:00:00,NaN,NaN,NaN
08-Oct-2016 10:15:00,NaN,NaN,NaN
08-Oct-2016 10:30:00,NaN,NaN,NaN
08-Oct-2016 10:45:00,NaN,NaN,NaN
08-Oct-2016 11:00:00,NaN,NaN,NaN
08-Oct-2016 11:15:00,NaN,NaN,NaN
08-Oct-2016 11:30:00,NaN,NaN,NaN
08-Oct-2016 11:45:00,NaN,NaN,NaN
08-Oct-2016 12:00:00,NaN,NaN,NaN
08-Oct-2016 12:15:00,NaN,NaN,NaN
08-Oct-2016 12:30:00,NaN,NaN,NaN
08-Oct-2016 12:45:00,NaN,NaN,NaN
08-Oct-2016 13:00:00,NaN,NaN,NaN
08-Oct-2016 13:15:00,NaN,NaN,NaN
08-Oct-2016 13:30:00,NaN,NaN,NaN
08-Oct-2016 13:45:00,NaN,NaN,NaN
08-Oct-2016 14:00:00,NaN,NaN,NaN
08-Oct-2016 14:15:00,NaN,NaN,NaN
08-Oct-2016 14:30:00,NaN,NaN,NaN
08-Oct-2016 14:45:00,NaN,NaN,NaN
08-Oct-2016 15:00:00,NaN,NaN,NaN
08-Oct-2016 15:15:00,NaN,NaN,NaN
08-Oct-2016 15:30:00,NaN,NaN,NaN
08-Oct-2016 15:45:00,NaN,NaN,NaN
08-Oct-2016 16:00:00,NaN,NaN,NaN
08-Oct-2016 16:15:00,NaN,NaN,NaN
08-Oct-2016 16:30:00,NaN,NaN,NaN
08-Oct-2016 16:45:00,NaN,NaN,NaN
08-Oct-2016 17:00:00,NaN,NaN,NaN
08-Oct-2016 17:15:00,NaN,NaN,NaN
08-Oct-2016 17:30:00,NaN,NaN,NaN
08-Oct-2016 17:45:00,NaN,NaN,NaN
08-Oct-2016 18:00:00,NaN,NaN,NaN
08-Oct-2016 18:15:00,NaN,NaN,NaN
08-Oct-2016 18:30:00,NaN,NaN,NaN
08-Oct-2016 18:45:00,NaN,NaN,NaN
08-Oct-2016 19:00:00,NaN,NaN,NaN
08-Oct-2016 19:15:00,NaN,NaN,NaN
08-Oct-2016 19:30:00,NaN,NaN,NaN
08-Oct-2016 19:45:00,NaN,NaN,NaN
08-Oct-2016 20:00:00,NaN,NaN,NaN
08-Oct-2016 20:15:00,NaN,NaN,NaN
08-Oct-2016 20:30:00,NaN,NaN,NaN
08-Oct-2016 20:45:00,NaN,NaN,NaN
08-Oct-2016 21:00:00,NaN,NaN,NaN
08-Oct-2016 21:15:00,NaN,NaN,NaN
08-Oct-2016 21:30:00,NaN,NaN,NaN
08-Oct-2016 21:45:00,NaN,NaN,NaN
08-Oct-2016 22:00:00,NaN,NaN,NaN
08-Oct-2016 22:15:00,NaN,NaN,NaN
08-Oct-2016 22:30:00,NaN,NaN,NaN
08-Oct-2016 22:45:00,NaN,NaN,NaN
08-Oct-2016 23:00:00,NaN,NaN,NaN
08-Oct-2016 23:15:00,NaN,NaN,NaN
08-Oct-2016 23:30:00,NaN,NaN,NaN
08-Oct-2016 23:45:00,NaN,NaN,NaN
09-Oct-2016 00:00:00,NaN,NaN,NaN
09-Oct-2016 00:15:00,NaN,NaN,NaN
09-Oct-2016 00:30:00,NaN,NaN,NaN
09-Oct-2016 00:45:00,NaN,NaN,NaN
09-Oct-2016 01:00:00,NaN,NaN,NaN
09-Oct-2016 01:15:00,NaN,NaN,NaN
09-Oct-2016 01:30:00,NaN,NaN,NaN
09-Oct-2016 01:45:00,NaN,NaN,NaN
09-Oct-2016 02:00:00,NaN,NaN,NaN
09-Oct-2016 02:15:00,NaN,NaN,NaN
09-Oct-2016 02:30:00,NaN,NaN,NaN
09-Oct-2016 02:45:00,NaN,NaN,NaN
09-Oct-2016 03:00:00,NaN,NaN,NaN
09-Oct-2016 03:15:00,NaN,NaN,NaN
09-Oct-2016 03:30:00,NaN,NaN,NaN
09-Oct-2016 03:45:00,NaN,NaN,NaN
09-Oct-2016 04:00:00,NaN,NaN,NaN
09-Oct-2016 04:15:00,NaN,NaN,NaN
09-Oct-2016 04:30:00,NaN,NaN,NaN
09-Oct-2016 04:45:00,NaN,NaN,NaN
09-Oct-2016 05:00:00,NaN,NaN,NaN
09-Oct-2016 05:15:00,NaN,NaN,NaN
09-Oct-2016 05:30:00,NaN,NaN,NaN
09-Oct-2016 05:45:00,NaN,NaN,NaN
09-Oct-2016 06:00:00,NaN,NaN,NaN
09-Oct-2016 06:15:00,NaN,NaN,NaN
09-Oct-2016 06:30:00,NaN,NaN,NaN
09-Oct-2016 06:45:00,NaN,NaN,NaN
09-Oct-2016 07:00:00,NaN,NaN,NaN
09-Oct-2016 07:15:00,NaN,NaN,NaN
09-Oct-2016 07:30:00,NaN,NaN,NaN
09-Oct-2016 07:45:00,NaN,NaN,NaN
09-Oct-2016 08:00:00,NaN,NaN,NaN
09-Oct-2016 08:15:00,NaN,NaN,NaN
09-Oct-2016 08:30:00,NaN,NaN,NaN
09-Oct-2016 08:45:00,NaN,NaN,NaN
09-Oct-2016 09:00:00,NaN,NaN,NaN
09-Oct-2016 09:15:00,NaN,NaN,NaN
09-Oct-2016 09:30:00,NaN,NaN,NaN
09-Oct-2016 09:45:00,NaN,NaN,NaN
09-Oct-2016 10:00:00,NaN,NaN,NaN
09-Oct-2016 10:15:00,NaN,NaN,NaN
09-Oct-2016 10:30:00,NaN,NaN,NaN
09-Oct-2016 10:45:00,NaN,NaN,NaN
09-Oct-2016 11:00:00,NaN,NaN,NaN
09-Oct-2016 11:15:00,NaN,NaN,NaN
09-Oct-2016 11:30:00,NaN,NaN,NaN
09-Oct-2016 11:45:00,NaN,NaN,NaN
09-Oct-2016 12:00:00,NaN,NaN,NaN
